Timestamp,X,Y,Z,HR
27:54.8,-3.1795,-9.112331,1.151611,94
27:54.8,-3.028665,-9.270349,1.314417,112
27:54.9,-3.217807,-9.028535,1.254562,121
27:55.0,-3.160346,-9.124303,1.276109,127
27:55.1,-3.057395,-9.105149,1.194707,105
27:55.2,-2.999935,-8.889671,1.458069,112
27:55.2,-2.15957,-8.269572,-0.011971,104
27:55.3,-1.649605,-9.184157,-1.848324,107
27:55.4,-4.627992,-14.923059,-1.632846,119
27:55.5,-3.28245,-8.925584,-0.742203,109
27:55.6,-1.393425,-5.858612,0.069432,127
27:55.6,0.952892,-12.543222,2.875436,125
27:55.7,-1.692701,-14.592659,1.582567,158
27:55.8,-1.891419,-7.752425,0.950498,139
27:55.9,0.146046,-10.149021,1.733402,104
27:56.0,-0.023942,-9.65821,0.093374,117
27:56.0,1.369483,-6.833052,-0.675165,105
27:56.1,-1.750161,-8.913613,-1.237802,123
27:56.2,-5.2026,-6.833052,-2.705448,103
27:56.3,-4.122815,-6.730101,-1.410185,104
27:56.4,-6.26802,-6.414066,-3.600879,109
27:56.4,-5.932832,-9.409213,-2.604892,122
27:56.5,-8.726865,-9.73243,-2.839523,116
27:56.6,-8.504205,-6.974309,-2.736573,124
27:56.7,-7.218518,-5.453991,-3.330335,111
27:56.8,-7.084443,-4.96318,-3.246537,127
27:56.8,-6.964733,-5.281609,-3.074155,126
27:56.9,-7.723695,-5.212177,-4.084508,128
27:57.0,-7.908048,-5.291186,-4.247314,120
27:57.1,-7.632715,-4.551377,-4.893748,116
27:57.2,-7.623138,-4.527435,-4.994305,128
27:57.2,-7.410054,-4.594473,-4.570531,121
27:57.3,-7.37893,-4.572925,-4.711789,130
27:57.4,-7.513005,-4.620809,-4.898537,107
27:57.5,-7.517793,-4.458004,-4.647145,92
27:57.6,-7.457938,-4.577713,-4.568137,129
27:57.6,-7.584831,-4.599261,-4.414908,91
27:57.7,-7.560889,-4.501099,-4.295198,98
27:57.8,-7.570466,-4.594473,-4.405331,125
27:57.9,-7.548918,-4.644751,-4.398149,94
27:58.0,-7.57286,-4.623203,-4.450821,126
27:58.0,-7.563283,-4.55856,-4.458004,100
27:58.1,-7.563283,-4.575319,-4.446033,117
27:58.2,-7.623138,-4.553771,-4.419696,122
27:58.3,-7.620744,-4.594473,-4.400543,102
27:58.4,-7.582437,-4.565742,-4.371812,104
27:58.4,-7.568071,-4.55856,-4.383783,90
27:58.5,-7.608773,-4.572925,-4.422091,102
27:58.6,-7.606379,-4.594473,-4.386178,100
27:58.7,-7.582437,-4.58729,-4.350265,97
27:58.8,-7.568071,-4.594473,-4.381389,124
27:58.8,-7.606379,-4.589684,-4.407725,96
27:58.9,-7.594408,-4.592079,-4.43885,127
27:59.0,-7.635109,-4.611232,-4.41012,115
27:59.1,-7.551312,-4.582502,-4.39336,124
27:59.2,-7.582437,-4.596867,-4.402937,108
27:59.2,-7.587225,-4.592079,-4.41012,114
27:59.3,-7.594408,-4.572925,-4.417302,91
27:59.4,-7.599196,-4.592079,-4.405331,124
27:59.5,-7.615956,-4.592079,-4.398149,100
27:59.6,-7.606379,-4.608838,-4.424485,101
27:59.6,-7.582437,-4.570531,-4.390966,122
27:59.7,-7.596802,-4.618415,-4.371812,104
27:59.8,-7.584831,-4.589684,-4.376601,103
27:59.9,-7.61835,-4.589684,-4.376601,93
28:00.0,-7.587225,-4.592079,-4.390966,108
28:00.0,-7.599196,-4.572925,-4.383783,129
28:00.1,-7.627927,-4.592079,-4.424485,130
28:00.2,-7.61835,-4.568137,-4.369418,103
28:00.3,-7.594408,-4.572925,-4.386178,108
28:00.4,-7.603985,-4.551377,-4.388572,117
28:00.4,-7.630321,-4.563348,-4.41012,123
28:00.5,-7.61835,-4.560954,-4.41012,117
28:00.6,-7.601591,-4.55856,-4.39336,116
28:00.7,-7.596802,-4.544195,-4.434062,125
28:00.8,-7.627927,-4.525041,-4.450821,130
28:00.8,-7.613562,-4.5418,-4.436456,106
28:00.9,-7.620744,-4.525041,-4.448427,94
28:01.0,-7.594408,-4.515464,-4.414908,124
28:01.1,-7.615956,-4.503493,-4.469975,104
28:01.2,-7.601591,-4.515464,-4.474763,111
28:01.2,-7.603985,-4.503493,-4.486734,91
28:01.3,-7.577648,-4.51307,-4.501099,92
28:01.4,-7.589619,-4.496311,-4.458004,121
28:01.5,-7.594408,-4.508282,-4.472369,91
28:01.6,-7.601591,-4.505888,-4.510676,113
28:01.6,-7.603985,-4.481946,-4.520253,97
28:01.7,-7.57286,-4.486734,-4.51307,122
28:01.8,-7.594408,-4.481946,-4.481946,112
28:01.9,-7.627927,-4.520253,-4.505888,100
28:02.0,-7.584831,-4.460398,-4.515464,126
28:02.0,-7.599196,-4.496311,-4.496311,118
28:02.1,-7.568071,-4.505888,-4.458004,108
28:02.2,-7.620744,-4.491522,-4.505888,111
28:02.3,-7.589619,-4.462792,-4.51307,95
28:02.4,-7.611167,-4.503493,-4.493917,111
28:02.4,-7.57286,-4.481946,-4.501099,94
28:02.5,-7.606379,-4.493917,-4.515464,98
28:02.6,-7.592013,-4.469975,-4.479551,125
28:02.7,-7.594408,-4.493917,-4.505888,108
28:02.8,-7.599196,-4.469975,-4.515464,110
28:02.8,-7.601591,-4.458004,-4.522647,128
28:02.9,-7.613562,-4.479551,-4.517859,116
28:03.0,-7.608773,-4.472369,-4.491522,113
28:03.1,-7.635109,-4.453215,-4.455609,122
28:03.2,-7.599196,-4.462792,-4.493917,118
28:03.2,-7.611167,-4.472369,-4.491522,96
28:03.3,-7.608773,-4.448427,-4.48434,103
28:03.4,-7.627927,-4.46758,-4.489128,100
28:03.5,-7.644686,-4.481946,-4.493917,128
28:03.6,-7.601591,-4.458004,-4.46758,95
28:03.6,-7.608773,-4.474763,-4.48434,124
28:03.7,-7.61835,-4.489128,-4.503493,94
28:03.8,-7.61835,-4.465186,-4.448427,94
28:03.9,-7.611167,-4.477157,-4.486734,123
28:04.0,-7.630321,-4.477157,-4.458004,118
28:04.0,-7.630321,-4.48434,-4.458004,111
28:04.1,-7.625533,-4.503493,-4.472369,97
28:04.2,-7.615956,-4.489128,-4.460398,92
28:04.3,-7.596802,-4.489128,-4.46758,122
28:04.4,-7.630321,-4.486734,-4.481946,120
28:04.4,-7.615956,-4.479551,-4.453215,112
28:04.5,-7.615956,-4.465186,-4.479551,129
28:04.6,-7.615956,-4.472369,-4.48434,94
28:04.7,-7.635109,-4.455609,-4.481946,103
28:04.8,-7.627927,-4.465186,-4.469975,104
28:04.8,-7.620744,-4.465186,-4.458004,102
28:04.9,-7.625533,-4.479551,-4.469975,103
28:05.0,-7.635109,-4.481946,-4.498705,112
28:05.1,-7.611167,-4.469975,-4.434062,98
28:05.2,-7.592013,-4.469975,-4.434062,123
28:05.2,-7.563283,-4.422091,-4.419696,92
28:05.3,-7.69257,-4.498705,-4.501099,102
28:05.4,-7.704541,-4.48434,-4.520253,94
28:05.5,-7.702147,-4.479551,-4.46758,104
28:05.6,-7.699753,-4.565742,-4.405331,125
28:05.6,-7.520187,-4.639963,-4.426879,109
28:05.7,-7.565677,-4.905719,-4.388572,110
28:05.8,-8.003817,-4.982334,-4.781221,126
28:05.9,-8.808268,-5.74369,-4.630386,112
28:06.0,-8.66701,-7.046135,-3.754108,106
28:06.0,-8.226477,-7.326257,-2.439692,114
28:06.1,-6.105214,-7.40766,-1.228225,114
28:06.2,-3.711013,-7.331046,-1.786075,129
28:06.3,-2.41575,-9.052477,-0.806846,98
28:06.4,-4.158728,-11.32218,-1.417367,113
28:06.4,-0.198719,-11.343728,0.423774,114
28:06.5,-0.847547,-5.281609,2.109292,176
28:06.6,-1.489193,-8.355764,0.770933,99
28:06.7,-2.707842,-5.932832,1.491588,135
28:06.8,-5.590461,-8.726865,0.222661,120
28:06.8,-4.982334,-10.623073,1.58975,119
28:06.9,-4.649539,-17.424999,2.097321,100
28:07.0,5.176264,-9.528923,-3.62961,178
28:07.1,-0.852336,-10.496181,-2.693477,106
28:07.2,0.957681,-9.67018,-1.383849,114
28:07.2,-1.73819,-8.78672,-1.881842,97
28:07.3,-0.529119,-9.962274,-2.202666,126
28:07.4,-2.015918,-9.062054,-1.345541,106
28:07.5,-3.356671,-10.821792,-0.64404,103
28:07.6,-0.038307,-12.13142,-0.852336,111
28:07.6,-1.872266,-7.824251,-1.151611,115
28:07.7,-2.3535,-12.088325,-2.726996,99
28:07.8,-6.418855,-8.932767,0.567426,129
28:07.9,0.572214,-7.675811,-3.25372,178
28:08.0,0.476446,-7.515399,-1.33357,106
28:08.0,-2.528277,-9.334992,2.240973,104
28:08.1,-0.92895,-3.157952,-0.387861,158
28:08.2,-2.410961,-11.662156,-2.851494,97
28:08.3,0.076614,-9.179369,-2.300828,96
28:08.4,0.677559,-10.271125,-0.950498,116
28:08.4,2.511518,-8.736442,-3.687071,156
28:08.5,-0.454898,-9.313444,-1.881842,117
28:08.6,-4.074931,-9.19134,-2.75812,122
28:08.7,-1.000776,-6.799533,1.012747,129
28:08.8,-2.521094,-14.128184,0.126893,126
28:08.8,-0.493206,-9.804255,-1.197101,124
28:08.9,1.443704,-8.774749,-1.726219,150
28:09.0,-5.612009,-7.520187,-0.059855,117
28:09.1,-5.894525,-10.240001,0.399832,111
28:09.2,1.027112,-3.050213,-1.046266,173
28:09.2,1.156399,-8.813056,-2.348712,132
28:09.3,-0.758962,-9.325416,-1.805228,123
28:09.4,-0.878672,-9.375694,-1.630451,125
28:09.5,0.574608,-9.591172,-3.435679,110
28:09.6,-0.943315,-10.429143,-1.944092,105
28:09.6,-2.636016,-9.203311,-4.601655,101
28:09.7,-1.144428,-6.890512,-0.387861,94
28:09.8,-1.209072,-14.939818,-2.875436,110
28:09.9,-2.375048,-7.596802,-2.0231,113
28:10.0,-0.572214,-6.55293,-3.064578,165
28:10.0,-0.653617,-8.856153,-1.61848,94
28:10.1,-3.428497,-8.75799,-0.847547,125
28:10.2,-3.708618,-8.379706,-4.321534,128
28:10.3,3.37343,-16.407465,0.438139,125
28:10.4,0.993594,-9.734824,-2.133234,156
28:10.4,-2.195483,-9.296685,-2.959233,112
28:10.5,0.816423,-8.779537,-0.984017,123
28:10.6,-2.396596,-9.176975,-1.467646,96
28:10.7,-1.781286,-9.299079,-2.15957,91
28:10.8,-4.836287,-8.463503,-4.616021,115
28:10.8,0.138864,-9.251195,-0.213084,110
28:10.9,-1.793257,-12.691663,-4.050989,129
28:11.0,-2.616863,-8.001422,0.857124,108
28:11.1,-0.914585,-6.852205,-2.109292,123
28:11.2,-2.516306,-7.319075,-0.830788,107
28:11.2,-4.338294,-8.200141,-0.155623,121
28:11.3,0.134075,-17.111359,-2.015918,153
28:11.4,-0.361524,-10.539276,0.47884,92
28:11.5,-1.233014,-7.489063,-2.631228,96
28:11.6,0.260968,-9.471462,-1.132457,121
28:11.6,0.174777,-9.519346,-1.654393,118
28:11.7,2.37026,-9.018958,-5.003881,176
28:11.8,-3.08852,-10.685322,-2.667141,122
28:11.9,-0.873884,-9.172187,-1.39582,99
28:12.0,-1.017536,-9.23683,1.640028,132
28:12.0,-3.713407,-12.179304,1.414973,124
28:12.1,-1.898602,-8.961497,-1.431733,106
28:12.2,1.086968,-8.60955,-2.166753,150
28:12.3,-5.774815,-8.935161,-0.816423,103
28:12.4,-5.626374,-9.023746,-1.740585,110
28:12.4,2.92332,-10.668563,-3.49314,178
28:12.5,-0.864307,-10.967838,1.970428,149
28:12.6,-0.744597,-5.190629,-1.980005,154
28:12.7,-0.581791,-10.151415,-0.270545,130
28:12.8,0.232238,-8.913613,-2.343924,101
28:12.8,-0.658405,-10.014946,-4.029441,124
28:12.9,-2.394202,-8.671799,-4.185065,101
28:13.0,-2.499547,-10.582372,-2.243367,106
28:13.1,1.747767,-11.659762,1.074997,95
28:13.2,-4.237737,-8.753201,0.80924,107
28:13.2,-2.810793,-8.444349,-0.672771,126
28:13.3,-1.268927,-8.169016,-0.952892,92
28:13.4,-8.461109,-8.863335,-4.663905,120
28:13.5,-5.058948,-15.512033,1.673547,102
28:13.6,-1.410185,-6.253655,-2.528277,97
28:13.6,0.234632,-11.499351,-4.673482,124
28:13.7,-1.970428,-9.68694,-3.303998,124
28:13.8,-0.110133,-8.896853,-2.049437,118
28:13.9,0.821211,-10.474632,-2.229002,121
28:14.0,-2.607286,-7.953538,-3.13401,99
28:14.0,-2.880225,-8.707711,-3.409343,120
28:14.1,-0.830788,-8.365341,1.256956,106
28:14.2,-3.356671,-12.91193,0.667982,125
28:14.3,-2.717419,-8.161834,0.114922,127
28:14.4,-0.052672,-8.41083,-1.340753,109
28:14.4,-4.649539,-8.226477,-0.246603,102
28:14.5,-5.662287,-7.941567,-2.193089,105
28:14.6,2.782062,-7.199365,-0.955287,129
28:14.7,0.670376,-10.579977,0.141258,122
28:14.8,-2.23379,-7.096414,-1.484405,113
28:14.8,-0.845153,-9.928755,-0.921768,104
28:14.9,-1.015141,-8.839393,-1.405396,113
28:15.0,0.696713,-10.177752,-3.864242,114
28:15.1,-4.149151,-9.868899,-4.132392,122
28:15.2,-2.420538,-9.181764,-3.991134,90
28:15.2,2.092532,-10.132261,0.35913,96
28:15.3,-4.479551,-10.431537,-1.261744,119
28:15.4,-2.296039,-8.597578,-1.098939,108
28:15.5,1.182736,-8.700529,-0.818817,154
28:15.6,-8.523358,-11.262324,-5.540183,127
28:15.6,-2.540248,-14.015656,1.369483,146
28:15.7,-1.254562,-3.768473,1.58975,151
28:15.8,-0.351948,-8.760384,-3.272874,108
28:15.9,-0.268151,-10.115502,-2.126051,91
28:16.0,1.029507,-10.002975,-1.92015,104
28:16.0,0.878672,-9.734824,-2.346318,121
28:16.1,-2.5187,-9.258378,-1.891419,116
28:16.2,-2.571373,-8.377312,-2.935291,128
28:16.3,-0.718261,-10.778696,1.541866,111
28:16.4,-4.091691,-10.132261,-0.45011,90
28:16.4,-2.619257,-9.303867,-1.769315,110
28:16.5,0.675165,-9.734824,-2.707842,101
28:16.6,-4.673482,-8.463503,-0.474052,92
28:16.7,-4.132392,-8.444349,-1.340753,130
28:16.8,1.975216,-7.893683,-1.060631,180
28:16.8,0.131681,-10.213664,-1.132457,112
28:16.9,-1.254562,-8.35337,-1.493982,90
28:17.0,-0.440533,-8.738836,-0.232238,96
28:17.1,-0.342371,-9.655815,-2.305616,119
28:17.2,-0.177171,-9.313444,-2.925714,127
28:17.2,-3.562572,-8.65025,-5.959168,93
28:17.3,-0.701501,-8.937555,-0.600945,125
28:17.4,-3.035848,-12.955026,-1.429338,117
28:17.5,-2.082955,-8.5473,-1.556231,120
28:17.6,1.355118,-8.882488,-1.941698,129
28:17.6,-0.672771,-9.710882,0.790087,98
28:17.7,-7.141904,-9.255983,-3.234566,90
28:17.8,-1.616086,-15.667656,-1.647211,101
28:17.9,-3.806781,-6.998251,0.069432,110
28:18.0,-0.158017,-9.969456,-3.29921,113
28:18.0,-0.122104,-10.01734,-2.691083,111
28:18.1,1.070208,-10.101137,-1.836353,113
28:18.2,1.814805,-9.239224,-3.215413,162
28:18.3,-1.182736,-9.548077,-2.06859,110
28:18.4,-2.293645,-10.13705,-3.035848,107
28:18.4,-0.651223,-7.445967,0.459687,100
28:18.5,-2.475605,-14.013263,-1.23062,98
28:18.6,-1.233014,-8.190564,-0.713472,101
28:18.7,-0.866701,-7.773973,-0.383072,120
28:18.8,-1.151611,-8.901642,-0.73502,107
28:18.8,-8.152257,-10.002975,-4.596867,99
28:18.9,1.517924,-15.488091,-1.302446,153
28:19.0,-1.146823,-11.08276,0.550666,127
28:19.1,0.069432,-5.260061,-2.439692,130
28:19.2,-1.235408,-9.725247,-0.481235,112
28:19.2,0.105345,-9.069236,-2.391808,121
28:19.3,-1.039083,-9.500193,-4.560954,108
28:19.4,-2.686294,-8.918402,-3.782839,104
28:19.5,-1.326388,-11.168951,-1.745373,110
28:19.6,0.995988,-11.654974,0.452504,119
28:19.6,-4.496311,-7.062895,1.501164,91
28:19.7,-2.724602,-9.44752,-0.083797,118
28:19.8,-1.80044,-8.580819,-1.412579,127
28:19.9,-7.860164,-7.726089,-5.085284,116
28:20.0,-7.192182,-16.546328,0.067038,108
28:20.0,0.797269,-7.462727,-1.09415,95
28:20.1,0.399832,-4.407725,-5.190629,127
28:20.2,-1.539472,-11.949461,-2.094927,124
28:20.3,0.114922,-8.336611,-2.487576,126
28:20.4,-1.493982,-11.255142,-2.552219,128
28:20.4,-2.152387,-8.731653,-2.202666,108
28:20.5,-4.24492,-8.777143,-3.639187,110
28:20.6,-2.53546,-7.876924,-0.960075,126
28:20.7,-5.085284,-15.205575,-1.374272,123
28:20.8,-3.368642,-8.001422,-0.727837,105
28:20.8,-1.915361,-9.050082,-1.031901,119
28:20.9,-3.864242,-7.465121,-1.029507,97
28:21.0,-6.069301,-10.508151,-5.566519,92
28:21.1,-2.377442,-16.318878,-1.580173,99
28:21.2,-1.029507,-7.733272,-0.316035,116
28:21.2,-0.54109,-4.443638,-4.836287,157
28:21.3,-3.557784,-10.283096,-0.52433,105
28:21.4,-0.730232,-7.793127,-2.121263,96
28:21.5,0.682347,-9.064447,-2.466028,144
28:21.6,-1.719037,-10.357317,-1.513135,118
28:21.6,-2.930503,-11.815386,-4.060566,103
28:21.7,-1.000776,-7.261614,-3.411737,115
28:21.8,-1.103727,-7.843405,1.857901,102
28:21.9,-2.679112,-12.526464,-0.423774,138
28:22.0,-3.581726,-7.735666,-1.601721,117
28:22.0,-0.679953,-9.902418,-1.714248,94
28:22.1,1.525106,-8.559271,-0.169988,140
28:22.2,-9.528923,-12.588713,-10.196905,162
28:22.3,-2.676718,-12.957419,1.704672,140
28:22.4,-3.04303,-3.921702,-0.533907,173
28:22.4,1.881842,-8.283937,-4.007894,135
28:22.5,-2.782062,-10.697293,-0.866701,124
28:22.6,2.44448,-8.781932,-3.342306,142
28:22.7,0.011971,-11.379641,-2.133234,96
28:22.8,-1.156399,-8.116343,-3.70383,121
28:22.8,-3.74932,-10.752359,-2.846706,118
28:22.9,-1.398214,-6.727707,1.546654,119
28:23.0,-3.469198,-12.665327,-0.442927,96
28:23.1,-2.794033,-10.448297,-1.414973,120
28:23.2,0.088585,-8.734048,-2.245761,91
28:23.2,-4.912902,-8.003817,-2.53546,123
28:23.3,-3.830723,-10.053253,-0.885855,116
28:23.4,0.220267,-10.972627,-1.881842,103
28:23.5,1.247379,-9.555259,0.031125,139
28:23.6,-3.002329,-6.722919,-1.489193,98
28:23.6,-0.181959,-9.461885,-1.419762,114
28:23.7,-1.417367,-9.193734,-1.163582,99
28:23.8,0.938527,-9.28232,-3.907337,130
28:23.9,-1.924938,-10.251971,-3.58412,121
28:24.0,-2.607286,-9.069236,-3.284845,130
28:24.0,0.349553,-8.568848,0.916979,114
28:24.1,-4.821922,-12.105083,-0.684742,110
28:24.2,-2.537854,-9.033323,-1.438915,101
28:24.3,-0.629675,-9.519346,-2.418144,95
28:24.4,-3.502717,-8.99741,-0.258574,110
28:24.4,-7.086837,-8.259995,-4.91769,101
28:24.5,4.680665,-11.135432,-0.248997,133
28:24.6,-4.508282,-14.856022,-1.47004,123
28:24.7,-0.823605,-8.310274,-1.383849,102
28:24.8,-0.775721,-9.562442,0.002394,109
28:24.8,0.146046,-8.389283,-3.682282,118
28:24.9,1.841141,-10.752359,-2.439692,142
28:25.0,-3.842694,-9.545682,-3.471592,93
28:25.1,-1.266533,-7.170634,0.567426,108
28:25.2,-2.975993,-15.152903,-3.744531,123
28:25.2,-1.170765,-9.643845,-0.581791,114
28:25.3,-1.201889,-7.529764,-1.192312,118
28:25.4,-2.566584,-7.814674,-0.857124,111
28:25.5,-4.893748,-7.381324,-1.194707,93
28:25.6,3.260903,-9.528923,3.32794,118
28:25.6,1.163582,-12.65575,-2.281674,122
28:25.7,-0.778116,-9.528923,-3.861847,124
28:25.8,-0.25618,-7.864953,-2.327164,90
28:25.9,0.545878,-12.148179,-1.910573,124
28:26.0,0.069432,-8.264784,-2.971204,104
28:26.0,0.349553,-11.190498,-1.436521,90
28:26.1,-3.002329,-8.588001,-4.106056,110
28:26.2,-1.522712,-10.788273,-2.791639,113
28:26.3,-1.338359,-7.113173,2.516306,127
28:26.4,-6.833052,-12.318168,0.052672,122
28:26.4,-3.078943,-9.358934,-1.872266,99
28:26.5,-0.507571,-10.184934,-0.76375,127
28:26.6,-0.457293,-8.020576,-0.691924,103
28:26.7,-5.861006,-8.995016,-1.790863,108
28:26.8,-6.675035,-10.42196,0.141258,92
28:26.8,0.035913,-4.15394,-0.962469,154
28:26.9,4.261679,-11.643003,-2.252944,178
28:27.0,-1.836353,-9.358934,-2.844312,103
28:27.1,-0.612916,-8.669404,-1.434127,120
28:27.2,-0.083797,-9.291897,-1.608904,113
28:27.2,-2.047042,-8.753201,-2.590526,116
28:27.3,-1.893813,-11.927913,-3.083732,122
28:27.4,-1.968034,-7.280767,2.173935,99
28:27.5,-4.209007,-14.185645,-1.752556,130
28:27.6,-2.094927,-7.501034,-0.038307,112
28:27.6,-0.758962,-6.983886,-0.778116,114
28:27.7,-3.53863,-9.23683,-1.086968,94
28:27.8,-7.809886,-7.905654,-1.441309,127
28:27.9,0.414197,-8.200141,-0.387861,120
28:28.0,0.076614,-10.156203,0.407014,125
28:28.0,-1.197101,-5.695806,-1.508347,111
28:28.1,-1.941698,-10.220847,-1.130063,91
28:28.2,-1.154005,-8.779537,-1.156399,129
28:28.3,0.488417,-10.177752,-3.550601,105
28:28.4,-1.932121,-9.121908,-3.442862,130
28:28.4,-2.358289,-10.903194,-3.617639,130
28:28.5,-0.766145,-8.5473,1.778892,112
28:28.6,-4.714183,-10.110714,-1.115698,117
28:28.7,-3.667917,-8.700529,0.098162,128
28:28.8,-0.533907,-7.740454,-2.236184,99
28:28.8,-4.247314,-9.07163,-1.149217,118
28:28.9,-6.002264,-7.754819,-0.162806,113
28:29.0,2.264915,-7.852982,-2.686294,140
28:29.1,1.553837,-11.362882,-0.141258,102
28:29.2,-1.35033,-7.429208,-1.292869,105
28:29.2,0.617704,-9.718064,-0.481235,92
28:29.3,-0.294487,-8.927979,-2.152387,98
28:29.4,-1.039083,-9.399636,-3.3447,95
28:29.5,-1.254562,-8.832211,-4.395754,112
28:29.6,-0.940921,-10.263943,-3.53863,95
28:29.6,2.48997,-12.023681,1.223437,125
28:29.7,-4.070143,-7.682993,-0.19393,128
28:29.8,-3.622427,-8.135497,0.328006,97
28:29.9,0.069432,-8.647857,-1.640028,125
28:30.0,-10.089166,-10.371682,-5.118803,120
28:30.0,-6.059724,-20.949265,-0.390255,130
28:30.1,-0.397437,-7.070077,-2.408567,115
28:30.2,0.181959,-9.794679,-3.517082,114
28:30.3,-1.101333,-9.919178,-2.913743,122
28:30.4,-0.23942,-9.057265,-1.96564,123
28:30.4,1.242591,-9.514558,-2.343924,136
28:30.5,-1.340753,-7.747637,-2.633622,93
28:30.6,-2.209848,-10.409989,-2.087744,116
28:30.7,-1.086968,-8.058883,1.288081,110
28:30.8,-2.693477,-13.103466,-1.115698,104
28:30.8,-2.468422,-7.182605,0.708684,103
28:30.9,-2.226608,-6.797139,-1.659182,125
28:31.0,-3.260903,-8.767567,-0.797269,101
28:31.1,-7.565677,-8.53054,-3.873818,115
28:31.2,2.861071,-13.76666,-2.317587,120
28:31.2,-0.093374,-11.853693,-0.457293,129
28:31.3,1.055843,-7.055712,-0.986411,124
28:31.4,0.213084,-8.904037,-1.233014,96
28:31.5,-0.560243,-8.339005,-2.918532,109
28:31.6,-0.031125,-10.673351,-2.53546,113
28:31.6,-3.248932,-9.555259,-3.452439,129
28:31.7,-3.77805,-11.650186,-3.153164,120
28:31.8,-0.70629,-7.910442,1.429338,123
28:31.9,-2.877831,-12.919112,-2.171541,96
28:32.0,-4.527435,-8.561666,0.919373,96
28:32.0,-0.557849,-7.690176,-1.465251,122
28:32.1,-6.452374,-8.281544,-2.03986,130
28:32.2,-9.428367,-9.868899,1.37906,108
28:32.3,4.91769,-3.65834,-4.132392,162
28:32.4,0.25618,-13.292608,-3.598485,128
28:32.4,-1.47004,-10.673351,-3.61285,118
28:32.5,-0.136469,-9.900024,-2.336741,128
28:32.6,1.194707,-8.695741,-2.511518,147
28:32.7,-1.594538,-8.76996,-2.331953,92
28:32.8,-1.199495,-8.140285,-3.081338,104
28:32.8,-1.21386,-9.442732,-1.017536,120
28:32.9,-1.029507,-13.747506,0.624887,155
28:33.0,-3.641581,-5.489904,0.881066,124
28:33.1,-2.681506,-8.403648,-1.163582,117
28:33.2,-2.176329,-8.248025,-1.391031,121
28:33.2,-9.629479,-10.967838,-4.429273,102
28:33.3,-5.185841,-13.417107,1.364695,108
28:33.4,-0.711078,-4.647145,-0.876278,139
28:33.5,2.887407,-10.802638,-5.568913,162
28:33.6,-1.910573,-9.969456,-3.155558,98
28:33.6,-0.387861,-10.263943,-2.770091,108
28:33.7,-0.545878,-10.230424,-2.051831,126
28:33.8,-2.147599,-7.730877,-3.145981,125
28:33.9,-2.363077,-8.415619,-3.153164,93
28:34.0,-0.943315,-9.114726,-1.446098,118
28:34.0,-0.007183,-14.618996,-1.707066,102
28:34.1,-3.617639,-6.373365,0.732626,124
28:34.2,-1.534683,-8.197746,-0.241814,112
28:34.3,-1.70946,-8.537724,-0.873884,114
28:34.4,-9.959879,-9.208099,-6.078878,96
28:34.4,5.997475,-15.136143,-2.844312,179
28:34.5,-0.746991,-10.603919,-0.45011,106
28:34.6,-1.23062,-5.779603,-1.091756,102
28:34.7,-0.150835,-9.495404,-0.521936,114
28:34.8,0.146046,-9.892841,-2.509123,124
28:34.8,-0.488417,-10.098742,-4.288015,124
28:34.9,-2.791639,-8.185776,-2.932897,128
28:35.0,-1.917756,-10.151415,-3.102885,95
28:35.1,1.958457,-12.72997,-1.273715,124
28:35.2,-3.667917,-8.339005,0.248997,130
28:35.2,-0.782904,-7.733272,-1.130063,126
28:35.3,0.888249,-8.659827,0.098162,129
28:35.4,-12.136209,-10.876859,-7.615956,154
28:35.5,-1.910573,-22.270864,-0.665588,128
28:35.6,-1.580173,-8.839393,-0.062249,107
28:35.6,0.323217,-7.19697,-4.237737,160
28:35.7,-0.785298,-10.09156,-1.417367,108
28:35.8,-0.416591,-9.188946,-2.15957,103
28:35.9,0.076614,-10.508151,-3.143587,93
28:36.0,-2.425326,-8.221688,-2.892196,126
28:36.0,-2.20506,-10.668563,-2.377442,119
28:36.1,-1.060631,-7.414843,0.85473,95
28:36.2,-1.843535,-13.424289,-0.069432,132
28:36.3,-2.726996,-9.018958,-0.730232,93
28:36.4,-0.852336,-8.173804,-0.490811,117
28:36.4,-2.03986,-8.252813,-0.565032,130
28:36.5,-8.583213,-8.116343,-2.501941,109
28:36.6,4.900931,-8.386889,-2.015918,157
28:36.7,-0.835576,-11.408371,0.059855,98
28:36.8,-1.87466,-7.21373,-1.702277,108
28:36.8,-0.866701,-9.533711,-0.993594,95
28:36.9,-1.302446,-9.361329,-1.668759,129
28:37.0,-0.040701,-9.627085,-3.739743,96
28:37.1,-1.223437,-9.782708,-3.58412,126
28:37.2,-3.931279,-9.617508,-3.366248,102
28:37.2,1.146823,-10.692505,1.826776,107
28:37.3,-4.8722,-8.616732,-1.651999,113
28:37.4,-4.036624,-7.996634,-0.296881,124
28:37.5,0.802058,-8.056489,-1.970428,146
28:37.6,-8.305486,-9.414001,-5.446809,127
28:37.6,-1.893813,-12.150574,2.372654,166
28:37.7,-2.011129,-3.325546,-1.012747,145
28:37.8,-0.97444,-11.504139,-1.970428,100
28:37.9,-0.667982,-9.184157,-2.372654,104
28:38.0,-0.399832,-9.935937,-1.276109,110
28:38.0,1.151611,-9.035717,-2.825158,152
28:38.1,1.307234,-9.560047,-3.028665,116
28:38.2,-1.522712,-9.342175,-4.517859,126
28:38.3,-0.696713,-6.670246,-1.024718,128
28:38.4,-1.479617,-14.5759,-2.698265,94
28:38.4,-1.620875,-7.536947,-1.841141,94
28:38.5,-1.951274,-8.264784,-0.790087,101
28:38.6,-1.010353,-8.8777,-0.347159,103
28:38.7,-6.100426,-9.308656,-4.481946,120
28:38.8,-2.60968,-14.281413,2.494758,139
28:38.8,-0.749385,-3.169923,-1.723825,133
28:38.9,0.857124,-11.154586,-0.905008,128
28:39.0,-1.649605,-8.619126,-1.723825,92
28:39.1,-0.402226,-9.203311,-1.118092,126
28:39.2,0.160412,-9.193734,-2.80361,130
28:39.2,0.100556,-10.378864,-2.94008,110
28:39.3,-2.705448,-8.947132,-3.955221,96
28:39.4,-3.895366,-9.241618,-1.82917,118
28:39.5,-0.21069,-15.660473,-5.851429,116
28:39.6,-4.077325,-8.573636,-2.530671,102
28:39.6,0.708684,-8.868123,-2.616863,170
28:39.7,-1.165976,-7.187394,-1.70946,124
28:39.8,-2.11408,-8.456321,-1.941698,107
28:39.9,-5.228937,-10.876859,-5.157111,121
28:40.0,-2.657564,-15.672444,0.857124,125
28:40.0,-3.957615,-7.25922,-0.3304,110
28:40.1,2.164358,-12.152967,-4.539406,130
28:40.2,0.68953,-10.874464,-1.362301,121
28:40.3,0.986411,-11.161768,-2.111686,103
28:40.4,-0.430956,-9.090784,-3.450045,110
28:40.4,-3.004723,-9.016563,-2.600103,107
28:40.5,-3.689465,-11.724405,-3.677494,98
28:40.6,2.176329,-10.204087,-1.137246,142
28:40.7,-3.392584,-10.85531,-2.226608,113
28:40.8,-3.124433,-9.210494,-1.96564,128
28:40.8,-0.459687,-8.140285,-3.306392,116
28:40.9,-4.757279,-9.212888,-0.957681,106
28:41.0,-1.297657,-8.446744,-4.908113,111
28:41.1,0.093374,-18.526333,-3.349488,120
28:41.2,1.209072,-6.895301,0.909797,158
28:41.2,-3.318364,-6.337452,-1.522712,116
28:41.3,0.962469,-10.34774,-0.852336,117
28:41.4,1.242591,-8.8777,-2.815581,179
28:41.5,-0.751779,-8.511387,-4.355053,96
28:41.6,-1.163582,-10.072407,-3.904943,110
28:41.6,-2.549825,-8.001422,0.260968,100
28:41.7,-2.181118,-14.551958,-2.667141,123
28:41.8,-3.193865,-8.568848,1.005565,112
28:41.9,-2.375048,-6.715736,-0.907402,96
28:42.0,-0.299275,-8.458714,-0.292093,127
28:42.0,-11.614272,-10.335769,-6.967127,128
28:42.1,-1.606509,-17.135302,0.31364,155
28:42.2,0.653617,-5.279215,-1.584962,158
28:42.3,1.51553,-12.136209,-5.257667,125
28:42.4,-0.708684,-10.651803,-2.755726,92
28:42.4,0.09098,-10.536881,-2.784456,129
28:42.5,0.37589,-10.364499,-3.378219,109
28:42.6,-4.774038,-7.034164,-2.573767,124
28:42.7,-2.614468,-9.516952,-2.360683,123
28:42.8,-0.931344,-9.303867,1.201889,114
28:42.8,-3.873818,-12.389994,0.993594,130
28:42.9,-1.944092,-8.702923,-1.067814,122
28:43.0,-1.673547,-8.281544,-1.142034,110
28:43.1,-4.302381,-7.445967,-1.319205,124
28:43.2,-6.373365,-7.702147,-3.557784,101
28:43.2,0.517148,-19.460072,-3.845088,139
28:43.3,-1.891419,-12.157756,0.821211,129
28:43.4,0.591368,-5.2026,-2.626439,161
28:43.5,-0.730232,-9.057265,-0.675165,107
28:43.6,-0.035913,-9.981427,-2.568978,120
28:43.6,-0.339977,-10.960655,-3.275268,113
28:43.7,-2.983175,-7.00304,-3.655946,111
28:43.8,-3.421314,-9.940725,-3.708618,126
28:43.9,1.881842,-14.805743,-3.222595,113
28:44.0,-4.390966,-7.170634,-0.011971,122
28:44.0,-1.355118,-8.511387,-0.371101,119
28:44.1,-0.356736,-8.300697,-0.727837,109
28:44.2,-12.945449,-9.821015,-6.497863,157
28:44.3,0.217872,-19.244593,-3.58412,178
28:44.4,-2.202666,-7.963115,-0.749385,112
28:44.4,-1.400608,-9.002198,-3.699042,110
28:44.5,-0.931344,-10.15381,-2.229002,95
28:44.6,0.138864,-9.433155,-2.485181,119
28:44.7,1.412579,-9.660604,-3.222595,164
28:44.8,-1.831564,-10.014946,-2.906561,123
28:44.8,-3.102885,-9.090784,-3.519476,121
28:44.9,-0.837971,-6.916849,0.596156,120
28:45.0,-3.481169,-12.8832,-0.390255,106
28:45.1,-2.41575,-10.84334,-1.819593,96
28:45.2,1.678335,-8.949526,-3.361459,172
28:45.2,-4.525041,-7.36217,-0.97444,125
28:45.3,-3.385401,-8.365341,-3.078943,118
28:45.4,0.167594,-10.407595,-2.092532,126
28:45.5,-0.098162,-12.35887,-0.639252,107
28:45.6,-2.329558,-7.659051,-0.220267,109
28:45.6,0.380678,-8.772355,-0.366313,103
28:45.7,0.967257,-8.983045,-2.23379,179
28:45.8,-0.110133,-10.25676,-3.670311,127
28:45.9,-1.94888,-8.42759,-4.560954,122
28:46.0,-3.205836,-8.702923,-2.841918,103
28:46.0,-0.991199,-16.637308,-3.210624,127
28:46.1,-3.758897,-6.241684,-2.293645,111
28:46.2,-1.819593,-10.371682,-0.90022,119
28:46.3,-0.565032,-8.62152,-1.240196,92
28:46.4,-7.489063,-8.406042,-4.134786,109
28:46.4,1.750161,-9.91439,-1.510741,170
28:46.5,-3.564966,-3.378219,-0.979228,161
28:46.6,5.307945,-12.330139,-0.253785,176
28:46.7,-5.231331,-13.666103,-1.647211,130
28:46.8,-5.343858,-10.002975,-5.770026,93
28:46.8,-3.763685,-1.556231,-3.234566,147
28:46.9,-4.209007,-1.13964,-0.311246,147
28:47.0,-2.082955,-17.190369,2.207454,131
28:47.1,-7.165846,-14.69561,-3.375824,103
28:47.2,-0.062249,-5.080496,-1.620875,151
28:47.2,1.549049,3.73256,-0.864307,158
28:47.3,6.495469,-36.918591,-1.458069,134
28:47.4,-4.807557,-14.506468,-4.582502,115
28:47.5,-9.44752,-12.282255,-4.965574,158
28:47.6,-7.072472,2.303222,-3.363853,170
28:47.6,1.980005,1.434127,0.050278,126
28:47.7,1.015141,-38.209064,-6.069301,174
28:47.8,-9.708488,-15.251065,-4.185065,127
28:47.9,-2.537854,-3.785233,-2.86586,171
28:48.0,8.329428,0.794875,-0.117316,147
28:48.0,5.073313,-16.654066,-12.430696,152
28:48.1,-5.21936,-13.359646,-8.992621,105
28:48.2,-5.566519,-11.908759,-8.336611,95
28:48.3,-4.424485,3.069367,-1.898602,153
28:48.4,1.429338,3.035848,1.774103,144
28:48.4,-12.780249,-51.116207,-6.114791,142
28:48.5,-6.394913,-7.098808,-6.821081,118
28:48.6,-0.201113,-3.998317,-4.869806,158
28:48.7,-2.772485,-3.976769,-0.76375,172
28:48.8,7.108385,-24.368185,-6.871359,165
28:48.8,-0.289698,-6.471527,-6.335058,138
28:48.9,-4.977545,-15.016433,-10.623073,113
28:49.0,-9.045294,-8.662222,-10.225636,131
28:49.1,-4.027047,11.374852,2.664747,158
28:49.2,-1.584962,-2.317587,-0.031125,180
28:49.2,-13.876793,-27.073633,1.836353,151
28:49.3,-3.971981,-16.019604,0.871489,167
28:49.4,-2.765303,1.369483,-4.086902,134
28:49.5,1.326388,-2.588132,4.197036,177
28:49.6,-3.074155,-17.836803,-7.486669,90
28:49.6,-10.113108,-18.327614,-10.340557,149
28:49.7,-2.293645,-3.150769,-2.56419,137
28:49.8,-2.746149,5.41329,2.181118,126
28:49.9,-12.583924,-40.56496,-25.491066,140
28:50.0,-8.295909,-8.14268,-7.953538,99
28:50.0,-1.656788,-2.166753,-3.682282,144
28:50.1,-0.617704,-1.489193,-0.852336,176
28:50.2,3.775656,-22.534225,-6.521805,160
28:50.3,-3.423708,-16.701952,-5.125986,109
28:50.4,-5.985504,-12.571953,-5.801151,110
28:50.4,-5.65271,1.642422,-1.266533,126
28:50.5,-0.727837,1.21386,1.757344,161
28:50.6,-12.097901,-40.236954,-7.074866,125
28:50.7,-10.156203,-14.992491,-4.666299,125
28:50.8,0.778116,0.126893,-3.318364,139
28:50.8,1.73819,-0.749385,-0.275333,151
28:50.9,-0.830788,-25.835831,-2.889802,163
28:51.0,-6.555324,-20.949265,-10.383653,164
28:51.1,-6.959944,-13.00291,-3.002329,129
28:51.2,-4.237737,3.945644,-2.633622,153
28:51.2,-7.163452,-8.025364,4.611232,177
28:51.3,-7.94875,-10.232818,2.013524,112
28:51.4,-6.291962,-8.159439,-4.307169,103
28:51.5,0.069432,-1.098939,-0.509965,161
28:51.6,0.270545,-2.372654,2.554613,126
28:51.6,-1.268927,-18.081011,-3.20823,119
28:51.7,-8.760384,-16.596605,-7.747637,165
28:51.8,-10.625467,-5.360618,-0.186748,93
28:51.9,-1.769315,2.312799,-1.49877,180
28:52.0,-0.1652,-15.804126,-7.302315,108
28:52.0,-9.478644,-9.342175,3.811569,129
28:52.1,-4.115633,-5.319916,-5.77242,153
28:52.2,5.142745,2.049437,-1.362301,176
28:52.3,3.936068,-8.549694,-10.187328,149
28:52.4,-5.815516,-18.698715,-1.716643,116
28:52.4,-3.289633,-16.029181,-8.274361,100
28:52.5,-10.01734,-5.336676,-4.994305,110
28:52.6,-4.230555,3.450045,-2.092532,153
28:52.7,0.560243,-14.982914,-6.756437,127
28:52.8,-8.552089,-14.039598,1.781286,138
28:52.8,-3.44765,-6.667852,-3.579332,102
28:52.9,2.094927,2.650381,2.164358,142
28:53.0,3.766079,-5.432444,15.519216,94
28:53.1,-0.086191,-12.703634,-5.018247,114
28:53.2,-15.313314,-21.176714,-13.611036,170
28:53.2,11.106702,0.718261,0.301669,158
28:53.3,-3.531447,4.874595,-3.126827,162
28:53.4,-6.22253,-10.553641,12.605472,137
28:53.5,3.878607,-11.748347,-7.960721,154
28:53.5,1.936909,-3.497929,-12.186486,163
28:53.5,-5.956774,-1.707066,-9.363723,142
28:53.5,-8.90643,-1.254562,-2.753332,97
28:53.6,-8.425196,-4.754885,-7.256825,95
28:53.6,-8.62152,-7.819463,-2.11408,102
28:53.6,-5.135562,-10.180145,1.312023,111
28:53.6,-3.399766,-11.583148,5.671864,125
28:53.6,0.088585,-21.131224,-0.957681,137
28:53.7,3.754108,-29.90358,-4.738125,135
28:53.7,7.788338,-28.984205,-3.196259,148
28:53.7,3.715801,-16.294937,-4.237737,176
28:53.7,-3.380613,-5.190629,-0.064643,139
28:53.7,1.56102,-5.331887,-1.177947,129
28:53.8,0.957681,-9.832987,-3.107674,122
28:53.8,-5.312734,-8.511387,-3.49314,111
28:53.8,-2.588132,-6.291962,-1.051055,111
28:53.8,1.132457,-3.718195,0.950498,146
28:53.8,-2.75812,-0.493206,1.434127,153
28:53.9,-6.323087,3.818752,1.702277,133
28:53.9,-7.352593,3.521871,-4.979939,138
28:53.9,-6.564901,-2.164358,-5.161899,150
28:53.9,-2.219425,-2.059013,2.169147,173
28:53.9,-0.464475,-8.238448,11.099519,167
28:54.0,4.055778,-20.470425,-11.580753,175
28:54.0,10.754754,-35.494041,-1.386243,157
28:54.0,7.070077,-25.831041,4.395754,179
28:54.0,7.40766,-10.800244,-9.380483,156
28:54.0,7.400477,-4.378995,-9.77792,141
28:54.1,-1.788469,-7.852982,-1.695095,97
28:54.1,-2.964022,-23.178267,-4.381389,139
28:54.1,-5.465962,-21.696257,-9.370906,138
28:54.1,-4.853047,-10.498574,-7.393295,102
28:54.1,-4.412514,-6.215348,-6.047753,101
28:54.2,-4.673482,-8.595184,-3.272874,124
28:54.2,-3.871424,-5.731719,0.543484,126
28:54.2,-3.196259,-0.612916,-2.614468,145
28:54.2,-2.693477,2.394202,-3.957615,169
28:54.2,-1.956063,1.254562,-3.126827,131
28:54.3,-2.403779,1.745373,-1.821988,175
28:54.3,-2.863465,2.935291,0.016759,152
28:54.3,-2.681506,2.796427,0.988805,167
28:54.3,-6.279991,-2.420538,2.602497,134
28:54.3,-8.034941,-15.179238,-4.891354,141
28:54.4,-9.409213,-36.181175,-19.713858,149
28:54.4,-14.891934,-29.369673,-3.004723,126
28:54.4,-15.485697,-9.378088,4.568137,178
28:54.4,-10.649409,-10.508151,1.347936,159
28:54.4,-5.183447,-12.459426,-5.95438,90
28:54.5,-8.908825,-12.200851,-7.716512,147
28:54.5,-6.244078,-9.476251,-4.019865,125
28:54.5,-3.572149,-5.453991,-5.683835,136
28:54.5,-4.307169,-3.002329,-3.708618,176
28:54.5,-1.915361,-2.0231,-0.107739,165
28:54.6,1.958457,0.220267,0.208296,139
28:54.6,2.154782,2.832341,0.469264,173
28:54.6,3.153164,4.173094,-1.414973,168
28:54.6,2.885013,0.653617,-1.572991,126
28:54.6,1.73819,-3.91452,2.298434,167
28:54.7,-0.64404,-16.75223,-4.776433,95
28:54.7,-3.993528,-26.415228,-6.641516,157
28:54.7,-3.825934,-19.826384,-4.316746,107
28:54.7,0.380678,-8.554482,-3.667917,130
28:54.7,2.650381,-6.991069,-1.63524,170
28:54.8,2.363077,-17.329231,-1.529895,163
28:54.8,0.272939,-22.615629,-6.521805,132
28:54.8,-1.764527,-16.026787,-9.552865,119
28:54.8,-4.419696,-11.832145,-9.639056,93
28:54.8,-7.383718,-12.859258,-9.399636,120
28:54.9,-6.873753,-11.903971,-4.728549,92
28:54.9,-6.586449,-9.107543,-2.214637,95
28:54.9,-4.74052,-4.671088,-3.277662,127
28:54.9,-4.637568,-1.046266,-2.825158,133
28:54.9,-5.963956,0.632069,-1.833959,140
28:55.0,-5.473145,4.139575,-2.667141,178
28:55.0,-5.188235,7.603985,-1.434127,128
28:55.0,-2.94008,7.311892,1.007959,143
28:55.0,-1.21386,2.794033,2.892196,162
28:55.0,-6.026206,-6.847417,6.801927,156
28:55.1,-1.941698,-20.321983,-15.966931,150
28:55.1,-3.234566,-47.907974,-18.488026,142
28:55.1,-7.493851,-37.984009,0.136469,179
28:55.1,-9.169792,-11.741165,3.347094,158
28:55.1,-6.105214,-7.235278,0.268151,112
28:55.2,-2.173935,-7.606379,-5.81791,100
28:55.2,-4.362236,-11.200075,-5.683835,96
28:55.2,-4.419696,-9.19134,-2.118869,105
28:55.2,-0.766145,-5.05416,-2.169147,126
28:55.2,0.59855,-1.537078,-2.904167,173
28:55.3,0.622492,0.129287,-2.762909,162
28:55.3,0.234632,-0.454898,0.818817,137
28:55.3,-1.584962,-0.648829,-0.837971,143
28:55.3,-2.142811,-1.225831,2.281674,137
28:55.3,-2.116474,-5.015852,2.059013,103
28:55.4,-4.537012,-12.169727,-1.824382,112
28:55.4,1.381454,-19.788076,-6.706159,170
28:55.4,1.307234,-25.222916,-1.671153,139
28:55.4,0.972046,-12.593501,-4.69503,107
28:55.4,2.269703,-6.924031,-4.987122,125
28:55.5,1.898602,-11.918336,-5.260061,100
28:55.5,0.622492,-18.983625,-5.061342,90
28:55.5,-2.832341,-16.00045,-6.617573,130
28:55.5,-2.760514,-11.599907,-6.045359,103
28:55.5,-2.06859,-11.686098,-8.465898,111
28:55.6,-5.456386,-14.149732,-7.551312,97
28:55.6,-7.953538,-11.798626,-5.382165,105
28:55.6,-9.816227,-6.196194,-5.209783,120
28:55.6,-11.042058,-1.326388,-3.469198,111
28:55.6,-6.315904,-0.636858,-2.341529,139
28:55.7,-4.235343,-0.368707,-1.503559,139
28:55.7,-3.268085,1.16837,-1.06542,157
28:55.7,-2.626439,3.653552,-1.06542,162
28:55.7,-1.539472,4.103662,-0.490811,131
28:55.7,-3.821146,-1.031901,0.268151,172
28:55.8,-5.482722,-11.013328,2.152387,102
28:55.8,-4.065354,-24.760834,-18.555063,178
28:55.8,-8.75799,-43.505039,-10.642226,137
28:55.8,-10.177752,-21.049822,-0.572214,148
28:55.8,-6.725313,-7.900866,4.048595,167
28:55.9,-5.207389,-10.007763,-3.090914,95
28:55.9,-8.817844,-11.956643,-7.706935,137
28:55.9,-8.015787,-10.316615,-4.209007,112
28:55.9,-3.356671,-7.412448,-4.350265,101
28:55.9,-0.265756,-4.654328,-5.078102,155
28:56.0,-1.549049,-1.221043,-3.232172,130
28:56.0,-2.698265,2.25055,-2.133234,173
28:56.0,-3.114856,5.461174,-0.608127,166
28:56.0,-2.504335,2.516306,0.021548,161
28:56.0,1.556231,-0.299275,4.101267,138
28:56.1,3.792415,-2.015918,9.883265,92
28:56.1,10.943896,-11.597513,3.081338,164
28:56.1,8.595184,-19.55584,-14.43943,125
28:56.1,9.129091,-29.750351,-6.361394,147
28:56.1,-6.811504,-24.858995,-6.991069,136
28:56.2,-14.578294,-13.623008,-2.568978,147
28:56.2,-13.034034,-6.993463,3.057395,136
28:56.2,-10.445902,-11.815386,-6.655881,169
28:56.2,-6.782773,-20.333956,-7.623138,137
28:56.2,-1.192312,-19.553446,-3.86903,123
28:56.3,-3.244143,-12.157756,-7.177817,118
28:56.3,-2.817975,-9.052477,-8.827422,96
28:56.3,-3.244143,-8.901642,-8.640674,126
28:56.3,-5.846641,-6.557718,-4.240131,91
28:56.3,-7.728483,-0.794875,-1.953669,118
28:56.4,-7.503428,4.362236,-3.445256,144
28:56.4,-5.489904,4.714183,-3.37343,180
28:56.4,-4.031836,3.023877,-0.962469,126
28:56.4,-2.37026,1.630451,0.64404,143
28:56.4,-1.479617,-0.509965,0.229843,178
28:56.5,-2.631228,-5.164293,-0.972046,129
28:56.5,-0.936133,-12.231977,-9.421184,111
28:56.5,-0.691924,-30.346506,-19.309237,176
28:56.5,-1.747767,-34.402283,-6.737284,136
28:56.5,-5.243302,-14.664485,4.556166,168
28:56.6,-2.528277,-10.711658,2.896984,102
28:56.6,-6.615179,-15.203181,-4.697424,142
28:56.6,-7.584831,-13.723564,-6.53617,128
28:56.6,-5.734113,-8.348581,-5.530606,97
28:56.6,-1.80044,-6.270414,-3.672705,112
28:56.7,-0.88346,-4.477157,-4.151546,180
28:56.7,-1.884237,-0.409408,-4.46758,174
28:56.7,1.158794,2.779668,-3.519476,169
28:56.7,1.297657,-0.835576,-0.136469,148
28:56.7,0.289698,-2.379837,1.328782,165
28:56.8,1.910573,-5.070919,5.973533,161
28:56.8,5.674258,-9.603143,5.21936,144
28:56.8,8.889671,-19.325996,-6.435614,153
28:56.8,3.634398,-27.739222,1.347936,129
28:56.8,-0.586579,-20.08017,-2.109292,131
28:56.9,1.022324,-8.559271,-4.096479,173
28:56.9,0.378284,-5.664681,-3.10528,126
28:56.9,-2.466028,-17.939753,-8.875306,100
28:57.0,-7.467515,-12.097901,-4.031836,112
28:57.1,-4.493917,2.030283,-1.290475,155
28:57.2,-6.528988,-6.260838,1.893813,116
28:57.2,-1.956063,-10.919954,-2.037466,90
28:57.3,-6.538565,-14.077906,3.94325,116
28:57.4,0.320823,-3.665523,-3.672705,167
28:57.5,2.456451,-10.21127,-0.517148,159
28:57.6,3.315969,-4.094085,-6.533776,171
28:57.6,-9.672575,-11.602302,-5.872977,116
28:57.7,-4.666299,-3.069367,-2.240973,132
28:57.8,-2.049437,0.962469,-0.826,144
28:57.9,-2.193089,-27.301083,-6.655881,161
28:58.0,-5.731719,-11.903971,-6.777985,100
28:58.0,-3.603274,-0.466869,-1.16837,131
28:58.1,2.312799,-5.29358,0.409408,144
28:58.2,-2.176329,-19.481619,-7.860164,105
28:58.3,-5.482722,-20.429724,-7.491457,172
28:58.4,-2.116474,-10.223241,-7.927202,121
28:58.4,-6.232107,1.383849,-3.545813,173
28:58.5,-4.903325,0.289698,5.058948,165
28:58.6,-7.687782,-27.344177,-3.699042,164
28:58.7,-11.32218,-17.980455,-0.222661,179
28:58.8,-0.344765,0.335188,-6.727707,133
28:58.8,-2.734178,-2.013524,2.003947,172
28:58.9,4.362236,-15.045163,-4.132392,173
28:59.0,-5.592855,-23.18545,-9.107543,166
28:59.1,-5.21936,-12.366052,-3.979163,120
28:59.2,-5.073313,1.776498,-3.0143,134
28:59.2,-4.158728,-0.395043,0.143652,150
28:59.3,-8.2169,-28.35453,-3.37343,131
28:59.4,-9.208099,-12.373235,-3.79481,174
28:59.5,4.417302,1.687912,1.54426,167
28:59.6,-0.014365,-4.412514,3.746926,163
28:59.6,1.697489,-9.112331,-5.295974,163
28:59.7,-4.266468,-18.420988,-9.993398,128
28:59.8,-8.061277,-10.852917,-5.161899,97
28:59.9,-5.74369,0.787692,-1.23062,149
29:00.0,-1.182736,0.555455,0.328006,165
29:00.0,-10.893618,-37.301662,-4.321534,154
29:00.1,-6.703765,-7.546524,-6.864176,110
29:00.2,-0.620098,-1.922544,-2.365471,157
29:00.3,4.03423,3.153164,1.345541,170
29:00.4,-4.158728,-28.117504,0.931344,125
29:00.4,-7.249643,-18.679562,-5.0374,147
29:00.5,-4.266468,-13.910312,-4.201824,130
29:00.6,-6.220136,2.382231,-2.94008,137
29:00.7,0.699107,2.621651,1.23062,129
29:00.8,-5.851429,-40.677486,-11.585542,138
29:00.8,-2.116474,-16.570271,-7.043741,93
29:00.9,-1.539472,-4.702212,-3.689465,157
29:01.0,2.329558,4.29041,-0.679953,144
29:01.1,1.120486,-33.016041,-0.828394,161
29:01.2,-5.389348,-6.95755,-3.165135,98
29:01.2,-5.525817,-9.974244,-7.431602,125
29:01.3,-6.801927,3.919308,-1.771709,133
29:01.4,0.107739,2.011129,-0.897826,147
29:01.5,-4.793192,-40.974369,-4.548983,125
29:01.6,-5.133168,-13.342886,-4.577713,104
29:01.6,-6.782773,-0.845153,-3.660734,156
29:01.7,6.876147,0.220267,5.676652,151
29:01.8,-6.584054,-30.763098,1.16837,166
29:01.9,-9.619903,-16.345215,-4.577713,155
29:01.9,-4.101267,-16.065094,-7.934384,130
29:01.9,-5.60722,-10.886436,-8.413225,100
29:02.0,-7.235278,-9.126697,-5.947197,106
29:02.0,-7.630321,-6.236896,-3.308787,108
29:02.0,-4.975151,-2.078167,-2.461239,172
29:02.0,-4.077325,0.873884,-2.32477,146
29:02.0,-3.5099,3.837905,-0.476446,180
29:02.1,-2.906561,4.36463,-1.010353,168
29:02.1,-3.294421,4.264073,-1.443704,150
29:02.1,-2.554613,2.662352,-0.902614,175
29:02.1,-4.592079,-3.706224,0.964863,133
29:02.1,-1.137246,-11.877635,-4.745308,113
29:02.2,0.23942,-28.720844,-22.610842,152
29:02.2,0.150835,-44.27597,-9.284714,175
29:02.2,-4.311957,-24.526203,1.314417,176
29:02.2,-5.89213,-13.986926,3.91452,170
29:02.2,-7.759608,-14.827291,-0.538695,104
29:02.3,-10.048465,-12.780249,-4.805163,164
29:02.3,-9.052477,-9.785102,-5.949591,91
29:02.3,-4.39336,-4.742914,-7.314286,167
29:02.3,-1.063026,-1.601721,-5.090073,148
29:02.3,0.952892,0.258574,-4.809951,136
29:02.4,3.991134,0.986411,-2.06859,162
29:02.4,4.735731,0.703895,-0.181959,148
29:02.4,4.975151,-1.312023,1.810017,177
29:02.4,3.454833,-4.802769,4.951209,161
29:02.4,2.391808,-3.615245,3.031059,158
29:02.5,5.702989,-5.185841,4.594473,136
29:02.5,3.682282,-13.594277,-7.953538,138
29:02.5,-1.94888,-23.882162,-4.285621,146
29:02.5,-8.183381,-28.596346,2.640805,160
29:02.5,-3.031059,-14.458584,2.030283,137
29:02.6,0.418985,-9.239224,-4.220978,130
29:02.6,2.018312,-13.93186,-7.12275,180
29:02.6,0.356736,-16.864758,-6.081272,113
29:02.6,-4.496311,-15.569493,-5.700594,98
29:02.6,-5.717354,-16.385916,-6.203377,90
29:02.7,-4.316746,-15.559916,-7.654263,96
29:02.7,-4.874595,-12.2224,-7.412448,100
29:02.7,-8.520964,-8.046912,-8.307879,128
29:02.7,-8.822633,-2.604892,-7.496245,139
29:02.7,-7.038953,0.948104,-3.933673,174
29:02.8,-5.753267,2.432509,-2.23379,153
29:02.8,-5.274426,3.32794,-2.348712,167
29:02.8,-4.110844,4.285621,-1.764527,154
29:02.8,-0.73502,4.539406,-1.106121,126
29:02.8,1.565808,2.303222,-0.172383,133
29:02.9,-1.826776,-5.061342,3.05979,166
29:02.9,4.505888,-14.700398,-15.859192,148
29:02.9,3.514688,-28.438328,-19.766529,139
29:02.9,-1.335965,-36.597767,-3.392584,128
29:02.9,-4.572925,-20.709845,2.152387,167
29:03.0,-7.110779,-13.78342,5.305551,132
29:03.0,-11.310209,-14.4107,-2.310405,153
29:03.0,-12.145785,-16.493656,-8.705317,152
29:03.0,-10.824186,-11.892,-2.877831,180
29:03.0,-4.098873,-9.763555,-1.896208,97
29:03.1,3.466804,-9.933543,-6.14831,144
29:03.1,5.243302,-8.746018,-6.205771,175
29:03.1,2.126051,-5.226542,-1.649605,166
29:03.1,-1.807622,-0.088585,1.101333,163
29:03.1,-2.760514,4.709395,-0.292093,135
29:03.2,-3.634398,2.511518,-2.346318,168
29:03.2,0.25618,-0.993594,0.878672,159
29:03.2,0.514753,-1.09415,6.406884,166
29:03.2,3.445256,-5.975927,9.847352,129
29:03.2,10.019734,-15.569493,-17.372328,129
29:03.3,5.580884,-28.637047,4.043807,132
29:03.3,-5.465962,-29.91555,-6.26802,141
29:03.3,-9.260772,-15.270219,-0.282516,127
29:03.3,-6.593631,-8.061277,-2.513912,100
29:03.3,-2.899378,-12.179304,-7.503428,90
29:03.4,0.531513,-21.109676,-5.540183,139
29:03.4,0.234632,-17.614141,-3.754108,113
29:03.4,-3.572149,-10.149021,-7.43639,124
29:03.4,-6.562507,-7.733272,-9.057265,135
29:03.4,-9.485827,-6.351817,-5.913678,114
29:03.5,-6.768408,-3.117251,-0.986411,92
29:03.5,-5.65271,-2.104503,0.881066,133
29:03.5,-5.499481,-1.302446,-1.029507,158
29:03.5,-4.106056,0.591368,-2.197877,180
29:03.5,-2.999935,2.679112,-3.347094,169
29:03.6,-1.66397,3.181894,-4.383783,145
29:03.6,-0.550666,-0.371101,-4.532224,129
29:03.6,-1.182736,-6.892907,-3.852271,116
29:03.6,3.409343,-16.577452,-10.098742,154
29:03.6,2.607286,-28.052862,-10.216059,142
29:03.7,4.259285,-24.732103,-1.398214,180
29:03.7,-2.624045,-15.926229,-1.75495,128
29:03.7,-7.716512,-13.450625,-0.876278,100
29:03.7,-6.964733,-15.598224,-6.212954,180
29:03.7,-5.78918,-16.955736,-6.129156,159
29:03.8,-7.76679,-13.773843,-2.667141,104
29:03.8,-4.22816,-9.835381,-2.889802,130
29:03.8,-0.696713,-9.076419,-3.579332,130
29:03.8,0.067038,-9.07163,-2.372654,120
29:03.8,0.356736,-5.686229,-1.242591,180
29:03.9,-2.001553,-1.556231,-0.620098,132
29:03.9,-1.877054,4.247314,-2.86586,159
29:03.9,2.659958,8.020576,-4.326323,173
29:03.9,1.197101,2.96881,-0.905008,176
29:03.9,2.578555,0.031125,6.971915,90
29:04.0,2.087744,-11.051635,24.461559,156
29:04.0,6.366182,-22.500708,-27.593174,167
29:04.0,-0.696713,-39.126045,3.227384,140
29:04.0,0.52433,-21.971588,0.823605,162
29:04.0,1.953669,-6.550536,-2.284068,172
29:04.1,0.976834,-1.343147,-5.791574,170
29:04.1,-3.98874,-11.559206,-2.789245,106
29:04.1,-2.58095,-23.199814,-6.914454,142
29:04.1,-3.787627,-19.158401,-7.132327,101
29:04.1,-5.549759,-11.884817,-7.03177,123
29:04.2,-7.90326,-10.749966,-5.95438,97
29:04.2,-8.001422,-9.967062,-4.707001,123
29:04.2,-7.963115,-6.789956,-3.550601,95
29:04.2,-7.757214,-2.1883,-2.908955,116
29:04.2,-5.846641,0.095768,-2.767697,136
29:04.3,-5.616797,-0.007183,-2.896984,167
29:04.3,-3.900155,1.781286,-1.956063,149
29:04.3,-2.499547,3.203442,-2.173935,162
29:04.3,-1.199495,2.487576,-1.25935,157
29:04.3,0.596156,-1.175553,-0.684742,146
29:04.4,0.055067,-10.026917,1.244985,94
29:04.4,4.802769,-20.973207,-12.540829,157
29:04.4,-0.849942,-36.01358,-6.466739,177
29:04.4,1.534683,-26.149471,-1.422156,179
29:04.4,-4.793192,-12.25113,-0.363919,125
29:04.5,-7.536947,-10.94629,-2.080561,111
29:04.5,-6.234501,-15.773001,-8.228871,125
29:04.5,-2.746149,-14.642938,-5.343858,106
29:04.5,-4.79798,-9.950302,-1.556231,106
29:04.5,-2.712631,-7.661446,-2.063802,119
29:04.6,-0.684742,-8.128315,-2.904167,102
29:04.6,-1.412579,-5.57849,-1.041478,110
29:04.6,-3.263297,-1.999158,0.110133,173
29:04.6,-1.719037,2.992752,-0.861913,156
29:04.6,2.217031,6.323087,-3.330335,175
29:04.7,2.595315,2.284068,-1.592144,180
29:04.7,4.158728,-1.01993,10.536881,88
29:04.7,6.047753,-12.849681,14.396335,177
29:04.7,10.575189,-24.380156,-22.790405,136
29:04.7,-1.077391,-37.62009,9.062054,144
29:04.8,0.181959,-17.523163,-0.079009,144
29:04.8,-0.237026,-6.361394,-5.600038,177
29:04.8,-4.67827,-5.595249,-7.120356,164
29:04.8,-9.009381,-16.709133,-6.414066,177
29:04.8,-5.32231,-21.823149,-7.635109,152
29:04.9,-4.458004,-15.952566,-5.595249,127
29:04.9,-5.494693,-12.308591,-7.592013,115
29:04.9,-5.767632,-11.63582,-5.226542,128
29:04.9,-7.718906,-8.544906,-3.184288,112
29:04.9,-7.702147,-3.39019,-2.621651,94
29:05.0,-7.163452,0.68953,-2.949656,171
29:05.0,-5.303157,0.885855,-1.991976,168
29:05.0,-3.74932,2.475605,-1.642422,129
29:05.0,-3.49314,4.697424,-1.953669,178
29:05.0,-1.699883,4.24492,-1.381454,156
29:05.1,1.563414,0.88346,-0.905008,165
29:05.1,-2.118869,-6.818686,3.145981,99
29:05.1,0.723049,-17.465702,-7.757214,118
29:05.1,0.373495,-36.099773,-15.033193,163
29:05.1,-0.4956,-32.252293,-5.83467,174
29:05.2,-5.896919,-13.285425,-0.804452,125
29:05.2,-7.072472,-11.226412,-1.637634,113
29:05.2,-7.491457,-17.726669,-5.41329,166
29:05.2,-7.04853,-12.509704,-1.467646,117
29:05.2,-7.117962,-9.052477,3.22499,154
29:05.3,-4.951209,-5.679047,-2.913743,119
29:05.3,-0.861913,-3.20823,-7.237672,166
29:05.3,2.035071,-0.196325,-7.292738,136
29:05.3,6.50744,2.705448,-4.24492,135
29:05.3,7.173028,2.358289,-0.684742,151
29:05.4,-2.817975,-6.390124,6.370971,156
29:05.5,6.998251,-11.075577,-5.576096,143
29:05.6,-4.776433,-16.010027,-8.631097,106
29:05.6,-5.901707,-0.557849,-3.512294,168
29:05.7,-2.89459,4.098873,0.526724,155
29:05.8,-3.8403,-18.193539,-11.860875,153
29:05.9,-8.738836,-11.781867,-0.976834,97
29:06.0,-2.772485,-7.07726,-5.93762,114
29:06.0,-0.462081,2.257732,1.687912,163
29:06.1,0.658405,-1.996764,8.157045,94
29:06.2,4.139575,-15.19121,0.203507,130
29:06.3,-6.327875,-22.285229,-7.484274,168
29:06.4,-7.015011,-8.406042,-6.035782,128
29:06.4,-4.635174,5.521029,-3.450045,152
29:06.5,-3.277662,-2.947262,3.871424,154
29:06.6,-14.664485,-31.569944,-3.643975,170
29:06.7,-2.037466,-12.301409,-0.263362,131
29:06.8,-0.469264,1.254562,-4.486734,145
29:06.8,-2.985569,-2.913743,3.718195,171
29:06.9,-1.924938,-27.655424,-0.071826,125
29:07.0,-2.841918,-18.171991,-8.310274,126
29:07.1,-1.060631,-11.671733,-4.31914,103
29:07.2,-7.884106,-0.627281,-3.268085,109
29:07.2,-1.922544,-0.138864,1.254562,170
29:07.3,-3.634398,-31.596279,-6.557718,125
29:07.4,-7.331046,-20.379444,-7.936779,133
29:07.5,-0.069432,-3.830723,-3.82354,166
29:07.6,0.933739,0.56982,-4.58729,160
29:07.6,-1.441309,-18.148048,-14.848839,162
29:07.7,3.852271,-9.085996,-5.370194,140
29:07.8,-6.337452,-11.951855,-9.251195,122
29:07.9,-5.523423,-4.261679,-3.885789,112
29:08.0,-2.312799,3.600879,-0.986411,172
29:08.0,-4.307169,-12.770672,0.418985,91
29:08.1,-5.674258,-11.03727,2.121263,96
29:08.2,-2.116474,-6.167464,-3.37343,116
29:08.3,-1.503559,4.264073,-2.372654,126
29:08.4,-4.836287,-13.81215,0.746991,112
29:08.4,5.722142,-1.42455,-5.89213,130
29:08.5,-2.753332,-14.121001,-7.520187,129
29:08.6,-6.974309,-8.614338,-6.524199,116
29:08.7,-7.369353,1.189918,-0.866701,170
29:08.8,-6.466739,-6.622362,2.978387,126
29:08.8,-10.077195,-9.105149,6.651093,171
29:08.9,-4.362236,-11.405977,-5.391742,125
29:09.0,-2.681506,0.440533,-0.64404,143
29:09.1,1.218649,-4.491522,-1.316811,160
29:09.2,-3.799598,-24.236504,-4.817134,136
29:09.2,-3.399766,-19.591753,-5.494693,95
29:09.3,-3.397372,-8.810662,-5.453991,103
29:09.4,-6.157887,-0.162806,-0.148441,173
29:09.5,-6.849811,-4.563348,2.999935,130
29:09.6,-9.102755,-13.328521,2.647987,144
29:09.6,-4.03423,-13.412318,-3.366248,116
29:09.7,-4.900931,-1.501164,-3.284845,170
29:09.8,6.406884,0.428562,0.857124,126
29:09.9,-1.728614,-14.709975,-4.752491,123
29:10.0,-7.596802,-11.504139,-6.885724,99
29:10.0,-1.63524,-11.956643,-6.155493,119
29:10.1,-5.513846,-1.137246,-3.440468,146
29:10.2,0.428562,3.08852,-2.262521,131
29:10.3,-0.799663,-38.362293,-6.682217,177
29:10.4,-7.920019,-16.352398,-6.603208,152
29:10.4,-3.746926,-15.725117,-8.219295,116
29:10.4,-6.162675,-9.318233,-2.240973,113
29:10.4,-4.989516,-6.658275,-1.656788,100
29:10.4,-1.659182,-7.343017,-3.095703,98
29:10.5,-2.195483,-6.019023,-3.083732,107
29:10.5,-3.646369,-2.794033,-1.58975,175
29:10.5,-2.164358,0.852336,-1.869871,158
29:10.5,2.480393,3.375824,-2.681506,174
29:10.5,5.214571,1.728614,-1.484405,130
29:10.6,6.270414,-0.459687,3.926491,145
29:10.6,10.764331,-7.067683,13.929465,135
29:10.6,8.743625,-18.34198,-12.698846,147
29:10.6,-2.106898,-25.175032,-1.778892,174
29:10.6,-11.69807,-26.680984,0.205901,129
29:10.7,-4.793192,-14.231135,0.703895,127
29:10.7,-0.459687,-6.615179,-5.149928,175
29:10.7,-3.057395,-10.474632,-5.870583,108
29:10.7,-3.354277,-18.933348,-5.41329,117
29:10.7,-3.363853,-17.985243,-6.483498,117
29:10.8,-4.63278,-12.172121,-7.484274,117
29:10.8,-4.129998,-9.928755,-6.744466,118
29:10.8,-7.541735,-9.564836,-5.317522,112
29:10.8,-9.14585,-6.145916,-3.773262,129
29:10.8,-8.798691,-1.836353,-2.118869,107
29:10.9,-7.484274,0.737414,-1.896208,149
29:10.9,-4.788404,2.394202,-1.63524,136
29:10.9,-1.491588,3.648763,-1.426944,161
29:10.9,-0.768539,4.778827,-2.161964,147
29:10.9,-1.146823,2.245761,-2.035071,138
29:11.0,-2.288857,-3.768473,-1.628057,157
29:11.0,1.233014,-12.890382,-5.075707,107
29:11.0,2.255338,-25.268404,-15.691598,131
29:11.0,-0.737414,-40.51947,-1.04866,146
29:11.0,4.479551,-25.917233,-2.482787,140
29:11.1,-0.890643,-16.04594,-0.574608,151
29:11.1,-8.010999,-13.046005,-2.092532,111
29:11.1,-3.313575,-11.662156,-5.56173,103
29:11.1,-2.942474,-10.13705,-1.776498,97
29:11.1,-6.971915,-8.851364,1.108515,103
29:11.2,-2.568978,-6.045359,1.283292,99
29:11.2,-1.47004,-5.518635,-0.519542,125
29:11.2,-0.701501,-1.302446,-2.288857,138
29:11.2,1.393425,2.528277,-4.022259,150
29:11.2,1.795651,4.472369,-2.446874,143
29:11.3,0.950498,1.532289,0.268151,143
29:11.3,-1.027112,-1.338359,9.270349,88
29:11.3,-4.06296,-11.326968,4.951209,150
29:11.3,0.079009,-22.943634,-19.148825,149
29:11.3,-1.063026,-37.998375,8.446744,144
29:11.4,6.047753,-21.104889,-0.229843,131
29:11.4,6.845023,-7.180211,-6.397307,168
29:11.4,5.533,-0.466869,-8.966286,146
29:11.4,1.18513,-7.331046,-5.171476,168
29:11.4,2.767697,-21.001938,-5.784391,153
29:11.5,-0.708684,-19.244593,-6.845023,96
29:11.5,-2.530671,-9.105149,-7.814674,112
29:11.5,-4.036624,-9.284714,-6.308722,123
29:11.5,-3.567361,-10.960655,-4.989516,114
29:11.5,-4.400543,-8.750807,-3.55539,119
29:11.6,-3.564966,-4.616021,-5.157111,133
29:11.6,-3.634398,-1.175553,-5.080496,146
29:11.6,-4.295198,0.363919,-3.383007,146
29:11.6,-4.280833,1.958457,-2.451663,164
29:11.6,-4.575319,3.301604,-1.522712,179
29:11.7,-3.979163,3.825934,0.646434,156
29:11.7,-3.265691,0.711078,2.899378,178
29:11.7,-7.807492,-9.121908,7.771579,149
29:11.7,-6.406884,-21.224598,-15.693993,146
29:11.7,-6.414066,-41.730934,-10.247183,144
29:11.8,-8.544906,-26.87252,-0.902614,170
29:11.8,-11.913548,-9.363723,0.442927,144
29:11.8,-7.991845,-6.14831,0.464475,122
29:11.8,-5.102044,-9.435549,-5.913678,119
29:11.8,-8.159439,-13.491326,-4.584896,125
29:11.9,-4.572925,-10.060435,-3.660734,125
29:11.9,-1.604115,-6.138733,-6.631939,128
29:11.9,-2.485181,-4.134786,-4.900931,133
29:11.9,-3.232172,-2.116474,0.770933,159
29:11.9,-2.255338,-0.275333,2.3535,142
29:12.0,-0.428562,1.21386,-0.014365,143
29:12.0,-0.670376,-0.141258,-5.042189,137
29:12.0,-0.198719,-3.3447,-1.867477,168
29:12.0,-1.527501,-6.98628,6.282385,167
29:12.0,2.358289,-17.250223,-6.311116,125
29:12.1,4.39336,-22.565351,-7.862558,161
29:12.1,-0.04549,-13.460202,-3.718195,112
29:12.1,0.967257,-7.414843,-2.810793,162
29:12.1,4.407725,-9.01417,-3.847482,139
29:12.1,3.672705,-15.995662,-1.436521,176
29:12.2,-0.198719,-19.656397,-6.325481,100
29:12.2,-2.303222,-12.318168,-7.232883,97
29:12.2,-4.46758,-11.832145,-9.64145,125
29:12.2,-8.276755,-15.162479,-9.239224,171
29:12.2,-8.413225,-12.897565,-5.705383,116
29:12.3,-5.659893,-10.649409,-3.404555,118
29:12.3,-6.258443,-7.951144,-4.007894,128
29:12.3,-7.283162,-4.376601,-4.774038,122
29:12.3,-6.210559,-2.597709,-2.5187,145
29:12.3,-6.066907,0.162806,-2.267309,168
29:12.4,-5.049371,3.349488,-2.154782,152
29:12.4,-4.333505,5.951985,-1.328782,141
29:12.4,-3.61285,5.41329,0.263362,177
29:12.4,-3.739743,-0.366313,1.508347,142
29:12.4,-6.708553,-7.070077,4.472369,155
29:12.5,-4.060566,-16.73547,-9.935937,109
29:12.5,-2.53546,-38.762127,-19.694704,156
29:12.5,-0.514753,-37.454891,-4.041412,139
29:12.5,-3.165135,-16.091429,3.129222,179
29:12.5,-3.351882,-10.958261,-0.545878,110
29:12.6,-1.029507,-12.428301,-4.910508,121
29:12.6,-1.012747,-10.386047,-3.234566,117
29:12.6,-5.975927,-8.65025,-0.754174,129
29:12.6,-4.692636,-7.244854,-2.964022,97
29:12.6,-2.695871,-5.755661,-4.745308,108
29:12.7,-3.426103,-3.62961,-2.604892,156
29:12.7,-3.94325,-1.764527,-0.220267,141
29:12.7,-2.406173,-0.059855,-0.744597,129
29:12.7,1.328782,1.235408,-3.009511,157
29:12.7,2.829947,0.363919,-0.031125,163
29:12.8,0.730232,-1.295263,4.134786,167
29:12.8,-2.554613,-6.830657,9.157822,178
29:12.8,1.790863,-19.292477,-13.019669,162
29:12.8,5.621585,-29.532478,-2.135628,169
29:12.8,3.622427,-20.305225,-1.47004,150
29:12.9,5.556942,-8.118738,-5.779603,175
29:12.9,0.035913,-7.996634,-5.932832,110
29:12.9,-1.209072,-16.584635,-4.192247,114
29:12.9,-4.920084,-19.31642,-7.520187,166
29:12.9,-5.08289,-12.509704,-8.327033,125
29:13.0,-4.383783,-9.021352,-8.329428,119
29:13.0,-1.915361,-10.304645,-5.717354,100
29:13.0,-3.052607,-10.263943,-3.287239,90
29:13.0,-4.953603,-7.642292,-3.603274,105
29:13.0,-5.319916,-4.376601,-4.249708,127
29:13.1,-5.164293,-1.678335,-2.669535,138
29:13.1,-4.340688,-0.454898,-1.079785,145
29:13.1,-3.586514,0.519542,-0.919373,128
29:13.1,-3.337517,0.907402,-1.221043,164
29:13.1,-3.945644,1.695095,-0.112527,141
29:13.2,-5.358223,-0.47884,1.074997,168
29:13.2,-7.079654,-8.154651,2.791639,108
29:13.2,-4.74052,-18.579004,-9.574412,151
29:13.2,-5.243302,-40.248924,-10.405201,173
29:13.2,-3.859453,-26.527756,-2.772485,157
29:13.3,-8.707711,-8.635885,0.627281,101
29:13.3,-7.936779,-8.978256,0.320823,177
29:13.3,-9.021352,-14.135366,-4.003105,146
29:13.3,-9.682152,-14.358027,-5.267244,142
29:13.3,-6.648698,-9.830592,-5.363012,127
29:13.4,-3.730166,-4.295198,-7.026982,180
29:13.4,-3.557784,-1.39582,-4.735731,129
29:13.4,-4.505888,-0.196325,-0.150835,133
29:13.4,-3.495534,0.878672,1.340753,131
29:13.4,0.612916,1.460463,1.534683,136
29:13.5,3.002329,-0.179565,-2.363077,167
29:13.5,4.560954,-1.266533,-0.890643,176
29:13.5,9.011775,-5.932832,10.402806,129
29:13.5,10.151415,-16.472107,-9.481039,146
29:13.5,1.345541,-22.385786,-2.904167,165
29:13.6,0.002394,-15.478514,-8.039729,102
29:13.6,-2.487576,-9.65821,-3.315969,104
29:13.6,-4.572925,-9.52174,1.132457,119
29:13.6,-1.517924,-15.998055,-3.615245,107
29:13.6,-5.985504,-20.63323,-8.413225,149
29:13.7,-4.783615,-16.847998,-8.793902,123
29:13.7,-3.169923,-13.953407,-8.743625,98
29:13.7,-3.071761,-14.255077,-6.042965,92
29:13.7,-4.594473,-14.14255,-1.805228,117
29:13.7,-9.435549,-11.188105,-4.194642,108
29:13.8,-5.209783,1.642422,-2.86586,161
29:13.9,-0.368707,0.035913,-0.107739,130
29:14.0,-3.737349,-39.468414,0.016759,144
29:14.0,-0.861913,-12.433089,-6.615179,99
29:14.1,-4.333505,-5.44202,1.292869,127
29:14.2,8.02297,6.030994,-5.006276,158
29:14.3,-5.813122,-35.374329,3.315969,142
29:14.4,-2.992752,-15.08347,-6.421249,94
29:14.4,-8.729259,-11.882423,-5.365406,110
29:14.5,-4.833893,3.971981,-2.422932,162
29:14.6,-0.612916,-0.07422,1.254562,148
29:14.7,-4.371812,-37.905003,-3.13401,162
29:14.8,-1.668759,-11.760319,-3.670311,124
29:14.8,-1.704672,-4.359841,-0.464475,136
29:14.9,2.011129,2.86586,-0.055067,155
29:15.0,2.066196,-31.893162,0.031125,166
29:15.1,-3.842694,-8.504205,-9.141062,110
29:15.2,-8.834604,-9.555259,-10.012551,178
29:15.2,-5.437232,0.177171,-3.809175,166
29:15.3,-3.186682,2.47321,-1.862689,127
29:15.4,-0.488417,-44.592007,-0.847547,176
29:15.5,-4.094085,-12.258312,-9.040505,126
29:15.6,-3.04303,-3.620033,-1.041478,163
29:15.6,2.276886,-3.409343,-1.410185,161
29:15.7,2.463634,-16.948553,-12.303802,161
29:15.8,0.876278,-6.495469,-3.519476,145
29:15.9,-6.897695,-11.767501,-7.615956,96
29:16.0,-5.805939,-3.634398,-2.118869,129
29:16.0,-0.861913,2.813187,-1.96564,168
29:16.1,-1.812411,-24.784777,-10.081984,161
29:16.2,-6.409278,-11.408371,-2.796427,104
29:16.3,0.847547,-9.5385,-5.027823,112
29:16.4,-4.721366,0.536301,-2.255338,141
29:16.4,3.476381,-8.188169,7.668628,125
29:16.5,-7.680599,-14.324509,-4.498705,153
29:16.6,-0.902614,-17.618931,-3.689465,92
29:16.7,-7.805098,-8.339005,-6.167464,105
29:16.8,-3.991134,-1.077391,-3.780444,131
29:16.8,-2.657564,-4.381389,-4.019865,167
29:16.9,-4.082114,-14.702792,-0.993594,94
29:17.0,-8.762778,-12.852075,-4.134786,179
29:17.1,1.812411,-4.03423,-3.107674,126
29:17.2,-1.197101,-0.246603,-0.380678,149
29:17.2,-4.043807,-23.953987,3.368642,167
29:17.3,3.469198,-16.098612,-1.790863,126
29:17.4,-7.754819,-13.869611,-5.506664,154
29:17.5,-4.721366,-2.545036,-3.438074,149
29:17.6,-4.216189,5.415684,-2.494758,141
29:17.6,-0.907402,-38.891411,-11.475409,166
29:17.7,-3.098097,-10.869676,-8.056489,118
29:17.8,-0.56982,-7.793127,-5.228937,90
29:17.9,5.861006,1.314417,-2.006341,175
29:18.0,2.908955,-16.062698,-12.136209,169
29:18.0,0.785298,-3.857059,-3.361459,177
29:18.1,-2.494758,-15.468937,-4.702212,118
29:18.2,-8.599973,-5.913678,-1.819593,97
29:18.3,-1.465251,3.763685,-1.18513,139
29:18.4,-2.674323,-10.953473,0.062249,117
29:18.4,-7.721301,-8.523358,-0.701501,100
29:18.5,0.457293,-12.962208,-2.70066,97
29:18.6,-6.430826,-1.079785,3.277662,131
29:18.7,0.73502,-2.401384,10.206482,66
29:18.8,3.421314,-15.325285,-0.021548,147
29:18.8,-1.393425,-22.316355,-5.073313,107
29:18.9,-5.370194,-12.820951,-2.662352,97
29:19.0,-5.722142,2.70066,-2.238579,175
29:19.1,-3.083732,0.229843,0.064643,179
29:19.2,-2.645593,-34.840424,1.407791,138
29:19.2,-3.280056,-12.100295,-4.343082,104
29:19.3,-4.048595,-4.029441,0.337582,137
29:19.4,3.335123,0.083797,0.646434,131
29:19.5,-4.683059,-31.73275,-1.486799,169
29:19.6,-2.511518,-17.623718,0.550666,141
29:19.6,-7.510611,-9.94312,-5.674258,102
29:19.7,-5.966351,2.477999,-3.023877,139
29:19.8,-4.302381,-0.328006,-0.237026,174
29:19.9,2.525883,-31.483753,-3.653552,135
29:20.0,-6.658275,-14.037205,-4.630386,93
29:20.0,-0.802058,-3.201048,-1.999158,143
29:20.1,0.723049,-2.528277,-0.593762,143
29:20.2,2.169147,-26.896461,-3.667917,170
29:20.3,6.596025,-9.495404,-5.533,173
29:20.4,-12.392388,-12.607866,-9.979033,175
29:20.4,-2.990358,-3.948039,-3.236961,134
29:20.5,-0.787692,2.896984,-3.639187,145
29:20.6,3.598485,-22.629995,-14.118608,127
29:20.7,-7.635109,-15.093047,-2.691083,120
29:20.8,0.220267,-8.056489,-5.030218,120
29:20.8,-2.1883,2.70066,-0.392649,130
29:20.9,8.228871,-11.877635,-2.839523,144
29:21.0,-9.062054,-13.512875,-0.23942,155
29:21.1,-2.073379,-16.68998,-7.694964,95
29:21.2,-8.149862,-7.127539,-1.757344,119
29:21.2,-3.849876,4.271256,-3.971981,159
29:21.3,2.992752,-16.481684,-14.300567,173
29:21.4,-5.628768,-8.935161,0.869095,121
29:21.5,-4.321534,-8.549694,0.70629,126
29:21.6,-0.562637,1.170765,-4.43885,144
29:21.6,1.247379,-5.181053,17.980455,86
29:21.7,-3.318364,-16.632519,-4.197036,126
29:21.8,-1.836353,-20.927717,-6.73489,110
29:21.9,-6.179435,-9.52174,-4.247314,128
29:22.0,-6.629545,1.908179,-2.645593,159
29:22.0,-2.03986,-8.441956,-1.944092,95
29:22.1,2.58095,-16.833632,-3.150769,116
29:22.2,-7.132327,-12.583924,0.538695,93
29:22.3,-3.284845,-1.041478,-4.067749,161
29:22.4,7.326257,2.018312,8.963891,130
29:22.4,-3.038242,-27.858931,2.568978,146
29:22.5,-3.04303,-20.372263,-5.896919,125
29:22.6,-8.853758,-9.933543,-4.218584,112
29:22.7,-4.110844,1.347936,-3.260903,170
29:22.8,-1.647211,-1.563414,-0.153229,133
29:22.8,-2.226608,-28.756756,2.035071,157
29:22.9,-2.755726,-11.954249,-5.949591,108
29:23.0,-0.548272,-4.261679,-0.459687,174
29:23.1,0.981623,0.418985,0.823605,172
29:23.2,-2.329558,-36.535519,2.427721,155
29:23.2,-3.634398,-11.300632,-4.479551,113
29:23.3,-5.449203,-10.304645,-5.760449,112
29:23.4,-5.140351,1.623269,-2.746149,166
29:23.5,-3.409343,-0.323217,1.022324,153
29:23.6,-0.773327,-38.625656,-9.636662,163
29:23.6,-6.430826,-12.876017,-5.602432,114
29:23.7,-0.620098,-6.016629,-3.44765,155
29:23.8,-1.316811,5.62398,-1.66397,129
29:23.9,4.446033,-16.124949,-13.955802,152
29:24.0,5.614403,-3.6751,-6.658275,170
29:24.0,-3.339911,-16.436195,-10.685322,99
29:24.1,-3.562572,-11.032481,-5.123591,118
29:24.2,-3.971981,4.675876,-4.165911,127
29:24.3,-4.920084,3.881001,5.159505,178
29:24.4,-12.162544,-40.404549,-0.612916,134
29:24.4,-11.006145,-14.812926,-9.682152,153
29:24.5,4.096479,-5.906496,-5.118803,162
29:24.6,-9.76116,4.089296,-8.154651,153
29:24.7,1.391031,-26.774357,-12.366052,153
29:24.8,5.3678,0.457293,-4.656722,167
29:24.8,-3.904943,-11.954249,-8.090008,111
29:24.9,0.067038,-7.936779,-6.739678,91
29:25.0,-6.363788,2.908955,-3.466804,167
29:25.1,-6.797139,-3.366248,3.246537,138
29:25.2,-2.403779,-20.518309,1.407791,179
29:25.2,-6.196194,-9.476251,-3.13401,96
29:25.3,-0.64404,-1.735796,-0.70629,154
29:25.4,-1.644817,-4.915296,-0.203507,129
29:25.5,0.52433,-10.94629,-4.345476,92
29:25.6,0.474052,-18.282124,-6.902483,99
29:25.6,-8.604761,-10.618284,-4.8722,105
29:25.7,-5.770026,-1.596933,-3.191471,158
29:25.8,-2.305616,5.197812,-0.553061,147
29:25.9,-3.138798,-33.07111,-22.799982,131
29:26.0,-9.112331,-15.306131,-2.829947,133
29:26.0,-0.459687,-6.435614,-3.272874,135
29:26.1,0.189142,9.531317,-1.458069,176
29:26.2,0.035913,-25.526979,-23.853432,141
29:26.3,2.796427,-3.696647,-8.808268,171
29:26.4,-5.530606,-9.033323,-7.718906,96
29:26.4,-5.420473,-1.434127,-3.835511,176
29:26.5,-2.770091,5.305551,0.428562,158
29:26.6,-3.89776,-32.771832,-20.721815,176
29:26.7,-5.686229,-15.600618,-6.859388,120
29:26.8,-2.229002,-0.837971,-3.349488,170
29:26.8,1.067814,-1.462857,2.559402,151
29:26.9,-0.153229,-20.987572,-8.343793,104
29:27.0,-1.489193,-17.00362,-8.257602,101
29:27.1,-9.849746,-13.132196,-3.974375,143
29:27.2,-6.14831,-0.88346,-2.169147,170
29:27.2,-0.234632,2.961627,0.694318,135
29:27.3,-5.183447,-38.776489,-14.516045,141
29:27.4,-13.651738,-13.826515,-8.401254,161
29:27.5,-0.986411,-2.1883,-5.33907,159
29:27.6,0.610521,0.864307,-0.318429,173
29:27.6,6.636727,-23.527821,-0.344765,172
29:27.7,-3.849876,-6.694188,-3.608062,95
29:27.8,-6.196194,-12.945449,-9.512163,107
29:27.9,-8.453926,-5.281609,-5.702989,117
29:28.0,-4.043807,4.314352,-2.889802,155
29:28.0,2.528277,-19.682732,-18.748993,136
29:28.1,-4.711789,-7.52737,-1.637634,97
29:28.2,0.426168,-8.513782,0.416591,141
29:28.3,3.009511,2.885013,-4.596867,168
29:28.4,-1.881842,-10.635044,13.838486,166
29:28.4,3.093309,-5.619191,-2.329558,144
29:28.5,-1.793257,-18.765753,-10.649409,101
29:28.6,-4.472369,-8.719683,-3.093309,107
29:28.7,-4.074931,2.853889,-1.810017,144
29:28.8,-3.524265,-7.637504,0.919373,93
29:28.8,-0.102951,-17.875111,0.23942,156
29:28.9,-1.625663,-11.243171,-2.248155,130
29:29.0,-2.954445,-2.839523,1.867477,146
29:29.1,-0.684742,-0.016759,2.748544,177
29:29.2,10.682928,-28.196514,4.647145,176
29:29.2,-2.705448,-21.729774,-5.401319,102
29:29.3,-7.955932,-13.821727,-0.414197,128
29:29.4,-2.571373,-0.979228,-4.465186,179
29:29.5,-5.846641,0.984017,0.770933,144
29:29.6,-5.882554,-27.28911,-3.047819,176
29:29.6,-5.403713,-12.98615,-3.019088,103
29:29.7,-3.77805,-1.218649,-0.004788,141
29:29.8,4.448427,-0.392649,-0.629675,127
29:29.9,-4.572925,-20.396204,-8.094796,153
29:30.0,-3.157952,-19.709068,-3.825934,102
29:30.0,-3.842694,-12.978968,-3.696647,117
29:30.1,-4.584896,-0.979228,-3.217807,155
29:30.2,-3.232172,4.460398,-0.071826,155
29:30.3,-4.005499,-32.173283,-20.178331,125
29:30.4,-3.462016,-8.432379,-5.894525,116
29:30.4,0.447716,-6.095637,-3.6751,145
29:30.5,-0.258574,2.348712,-5.896919,129
29:30.6,1.759738,-16.625336,-9.246407,162
29:30.7,3.785233,-7.706935,-5.109226,128
29:30.8,-3.775656,-12.646173,-10.721235,96
29:30.8,-8.927979,-6.210559,-4.800375,98
29:30.9,-3.457227,4.726154,-3.632004,142
29:31.0,-8.101978,-9.02614,6.382942,179
29:31.1,-4.67827,-12.952631,3.830723,125
29:31.2,-4.378995,-9.433155,-3.94325,116
29:31.2,-5.643134,-1.405396,-0.761356,159
29:31.3,10.58716,2.75812,5.990293,160
29:31.4,-7.809886,-27.688942,-2.32477,150
29:31.5,-8.008605,-20.90617,-4.46758,136
29:31.6,-9.485827,-11.968615,-6.016629,130
29:31.6,-4.496311,5.374983,-2.636016,150
29:31.7,-0.399832,-1.877054,-0.253785,163
29:31.8,-9.32781,-29.917944,4.043807,136
29:31.9,0.70629,-8.611943,-4.19943,110
29:32.0,-2.13084,-1.163582,-0.241814,160
29:32.0,2.650381,-0.960075,2.094927,180
29:32.1,-8.738836,-34.797329,2.482787,153
29:32.2,-3.82354,-21.854273,-2.080561,160
29:32.3,-8.540117,-12.725182,-3.076549,99
29:32.4,-6.160281,6.363788,-1.908179,179
29:32.4,0.131681,1.431733,-0.174777,152
29:32.5,-2.521094,-40.811562,-3.957615,135
29:32.6,-6.876147,-11.638214,-5.020641,125
29:32.7,1.323994,-4.400543,-0.792481,152
29:32.8,3.605668,0.849942,0.629675,170
29:32.8,2.348712,-30.15497,-13.984532,132
29:32.9,0.56982,-1.254562,-5.595249,141
29:33.0,-5.207389,-10.081984,-11.391612,115
29:33.1,-4.900931,-3.129222,-3.768473,148
29:33.2,-4.826711,1.194707,-1.549049,159
29:33.2,0.28491,-32.30257,-10.529699,154
29:33.3,-7.984663,-5.394136,-0.914585,97
29:33.4,2.47321,-6.265626,-3.548207,129
29:33.5,-0.031125,-3.986346,-2.384625,132
29:33.6,-3.610456,-10.139444,-4.522647,111
29:33.6,1.546654,-11.377247,1.007959,94
29:33.7,1.790863,-12.081141,-3.811569,124
29:33.8,-1.04866,-9.854534,-1.268927,96
29:33.9,0.931344,-9.179369,-1.999158,129
29:34.0,1.917756,-7.587225,-3.258508,159
29:34.0,-1.968034,-8.377312,-4.74052,92
29:34.1,-4.089296,-9.816227,-4.070143,99
29:34.2,-1.398214,-8.145074,-0.761356,125
29:34.3,0.007183,-13.670892,-2.566584,115
29:34.4,0.009577,-7.529764,-2.521094,94
29:34.4,1.625663,-9.94312,-2.442086,153
29:34.5,-3.634398,-8.140285,-0.972046,103
29:34.6,-3.191471,-9.78989,-3.117251,113
29:34.7,2.243367,-14.484921,-0.814029,129
29:34.8,-1.180341,-14.300567,-2.042254,102
29:34.8,0.363919,-8.832211,-2.073379,92
29:34.9,-1.206678,-8.516175,-1.915361,90
29:35.0,1.364695,-8.092402,-3.572149,130
29:35.1,1.826776,-9.76116,-4.417302,160
29:35.2,-1.125275,-10.42196,-5.188235,99
29:35.2,-2.992752,-7.587225,-0.54109,96
29:35.3,-0.122104,-14.504074,-3.323152,105
29:35.4,-1.058237,-8.116343,-0.54109,122
29:35.5,-2.37026,-8.015787,-1.790863,105
29:35.6,-0.277727,-8.286332,-1.980005,104
29:35.6,-2.121263,-8.635885,-2.157176,109
29:35.7,-11.123461,-11.417948,-4.824317,153
29:35.8,-1.647211,-16.395493,-2.420538,112
29:35.9,-0.205901,-11.358093,0.043096,121
29:36.0,-0.189142,-4.788404,-3.098097,149
29:36.0,-1.161188,-11.298238,-0.840365,125
29:36.1,-0.37589,-8.676587,-3.651158,92
29:36.2,0.143652,-9.73243,-3.311181,116
29:36.3,-2.839523,-8.207323,-3.497929,94
29:36.4,-5.300763,-9.054871,-4.91769,112
29:36.4,-0.086191,-7.785944,-1.877054,96
29:36.5,-3.792415,-11.192893,-3.189077,104
29:36.6,-4.314352,-6.816292,-4.302381,97
29:36.7,2.731784,-8.738836,-5.398925,165
29:36.8,-2.47321,-9.052477,-1.731008,101
29:36.8,-5.006276,-10.927136,-6.033388,97
29:36.9,-0.730232,-9.172187,-0.861913,126
29:37.0,-1.053449,-2.360683,0.136469,144
29:37.1,0.991199,-14.18325,-9.186552,138
29:37.2,2.161964,-9.548077,-2.437297,139
29:37.2,1.896208,-10.065224,-3.53863,156
29:37.3,1.465251,-9.404425,-4.235343,115
29:37.4,-4.802769,-4.93445,-2.944868,114
29:37.5,-4.654328,-9.112331,-2.008735,112
29:37.6,1.177947,-14.647726,-0.940921,100
29:37.6,-4.714183,-9.734824,0.742203,116
29:37.7,-1.493982,-7.900866,-1.764527,102
29:37.8,-1.359907,-8.295909,-2.475605,104
29:37.9,-8.724471,-9.232041,-3.881001,118
29:38.0,-2.645593,-11.336545,3.083732,118
29:38.0,-2.839523,-5.027823,-4.046201,131
29:38.1,5.149928,-13.414712,-2.681506,153
29:38.2,1.321599,-8.274361,-1.771709,151
29:38.3,-1.405396,-7.752425,-3.29921,95
29:38.4,-0.014365,-9.868899,-2.621651,114
29:38.4,-0.411803,-7.776367,-4.328717,96
29:38.5,-1.68073,-8.274361,-5.188235,98
29:38.6,-2.454057,-7.982268,-2.645593,129
29:38.7,1.56102,-17.099388,-2.789245,136
29:38.8,-4.728549,-6.136339,-0.215478,104
29:38.8,-1.501164,-7.103596,-0.565032,114
29:38.9,-0.241814,-8.008605,-3.155558,108
29:39.0,-12.684481,-11.801021,-7.582437,161
29:39.1,0.220267,-10.5704,-0.325611,102
29:39.2,-1.958457,-1.120486,-1.640028,175
29:39.2,3.945644,-12.586318,-7.065289,154
29:39.3,-1.027112,-11.216835,-3.385401,110
29:39.4,1.644817,-8.748413,-4.149151,133
29:39.5,-0.191536,-8.707711,-2.985569,125
29:39.6,-2.650381,-8.010999,-3.335123,127
29:39.6,-2.047042,-9.76116,-3.536236,100
29:39.7,-2.47321,-7.73806,-0.016759,124
29:39.8,-1.972822,-15.5671,-3.634398,91
29:39.9,-3.588908,-7.81228,0.086191,120
29:40.0,0.088585,-8.358158,-1.70946,115
29:40.0,-3.660734,-8.595184,-0.069432,115
29:40.1,-5.638345,-6.138733,-1.209072,107
29:40.2,2.437297,-9.287108,-1.11091,173
29:40.3,-2.497152,-13.831304,-0.385466,99
29:40.4,1.608904,-8.695741,-2.427721,127
29:40.4,-2.092532,-9.409213,-2.135628,109
29:40.5,2.133234,-9.078813,-3.5099,133
29:40.6,0.086191,-8.889671,-2.600103,111
29:40.7,-4.271256,-8.690952,-6.042965,128
29:40.8,-0.414197,-8.027759,-0.474052,130
29:40.8,-3.320758,-13.199234,-0.88346,93
29:40.9,-1.458069,-8.362947,-3.251326,107
29:41.0,2.868254,-9.591172,-2.813187,132
29:41.1,-4.48434,-8.415619,-1.831564,118
29:41.2,-1.932121,-9.301474,-3.596091,118
29:41.2,-1.101333,-12.878411,-2.207454,112
29:41.3,1.608904,-13.867216,-0.057461,117
29:41.4,-0.921768,-8.853758,-0.852336,95
29:41.5,-0.646434,-7.93199,-1.582567,111
29:41.6,1.276109,-9.737218,-2.796427,130
29:41.6,0.093374,-8.901642,-3.615245,129
29:41.7,-2.157176,-8.09719,-4.955997,107
29:41.8,-2.061408,-8.947132,-1.405396,123
29:41.9,-1.25935,-15.296555,-3.363853,111
29:42.0,-1.429338,-7.165846,-2.044648,103
29:42.0,0.134075,-9.244013,-1.027112,124
29:42.1,-0.565032,-9.109938,0.423774,123
29:42.2,-12.389994,-9.234436,-7.996634,147
29:42.3,5.453991,-18.598158,-2.681506,180
29:42.4,-3.722984,-4.927267,-0.155623,179
29:42.4,-0.6608,-6.98628,-6.22253,132
29:42.5,0.143652,-10.218452,-1.968034,92
29:42.6,0.263362,-9.706094,-2.561796,95
29:42.7,3.251326,-8.365341,-3.722984,134
29:42.8,-2.059013,-8.90643,-5.145139,127
29:42.8,-1.142034,-10.354922,-3.945644,110
29:42.9,-0.366313,-6.543353,-0.488417,123
29:43.0,-1.23062,-13.457808,-1.043872,99
29:43.1,-0.603339,-10.113108,-2.851494,94
29:43.2,1.647211,-8.801085,-3.047819,167
29:43.2,-5.216966,-10.220847,-1.960851,116
29:43.3,-2.72939,-9.524135,-3.471592,101
29:43.4,-0.663194,-8.657434,-2.765303,94
29:43.5,1.862689,-13.666103,-0.847547,121
29:43.6,-1.300052,-6.153099,-2.06859,126
29:43.6,-0.711078,-9.610326,-1.074997,109
29:43.7,0.852336,-9.995792,-2.509123,98
29:43.8,2.087744,-9.545682,-4.151546,180
29:43.9,-1.489193,-8.298303,-5.066131,118
29:44.0,-1.051055,-8.789114,-2.868254,120
29:44.0,1.084573,-15.227123,-4.297592,126
29:44.1,-3.596091,-6.505046,0.471658,103
29:44.2,-1.024718,-8.908825,-0.40462,94
29:44.3,0.624887,-8.659827,-1.070208,120
29:44.4,-14.173674,-8.643068,-7.489063,151
29:44.4,7.441179,-17.420212,-1.491588,127
29:44.5,-1.628057,-13.512875,-1.417367,101
29:44.6,-1.067814,-7.187394,-0.684742,101
29:44.7,0.677559,-8.810662,-0.490811,114
29:44.8,-0.543484,-8.492233,-3.435679,116
29:44.8,1.493982,-9.701305,-3.837905,120
29:44.9,-2.427721,-9.23683,-4.575319,91
29:45.0,-2.173935,-7.414843,-4.15394,120
29:45.1,3.435679,-14.925453,-4.517859,176
29:45.2,-3.411737,-6.076484,-0.129287,101
29:45.2,-2.698265,-7.965509,-0.59855,96
29:45.3,0.873884,-8.00621,-1.25935,96
29:45.4,-13.06037,-10.879252,-7.10599,132
29:45.5,0.828394,-22.799982,-3.406949,152
29:45.6,0.679953,-8.465898,0.905008,130
29:45.6,-1.764527,-4.431667,-1.742979,154
29:45.7,1.189918,-11.116279,-0.493206,106
29:45.8,1.891419,-10.144233,-2.387019,177
29:45.9,1.582567,-8.913613,-5.463568,127
29:46.0,-2.80361,-8.487445,-4.881777,116
29:46.0,-2.298434,-9.19134,-3.038242,127
29:46.1,2.643199,-14.041993,-1.616086,101
29:46.2,-4.10845,-7.8865,0.486023,125
29:46.3,-1.431733,-8.62152,-0.699107,93
29:46.4,1.314417,-7.587225,-2.772485,157
29:46.4,-13.711593,-9.629479,-8.750807,174
29:46.5,6.789956,-17.45373,-0.426168,131
29:46.6,0.380678,-13.484144,-0.395043,115
29:46.7,0.560243,-6.634333,-2.379837,173
29:46.8,-0.861913,-9.576807,-0.174777,125
29:46.8,0.004788,-8.14268,-3.402161,125
29:46.9,-0.761356,-9.502586,-3.399766,103
29:47.0,-3.44765,-8.78672,-5.17387,117
29:47.1,-1.90339,-9.466674,1.106121,94
29:47.2,-6.653487,-11.319786,-1.388637,99
29:47.2,-2.932897,-6.64391,-1.21386,94
29:47.3,1.130063,-7.070077,-2.796427,148
29:47.4,-2.422932,-6.107608,-3.081338,102
29:47.5,-10.077195,-12.698846,-4.680665,126
29:47.6,-2.731784,-10.704475,-1.941698,126
29:47.6,-0.636858,-10.594342,-2.523489,126
29:47.7,3.936068,-10.721235,-4.209007,146
29:47.8,-0.112527,-9.414001,-3.536236,97
29:47.9,-0.351948,-6.540959,-4.709395,111
29:48.0,-0.328006,-10.522516,-2.856283,122
29:48.0,-1.975216,-9.52174,-3.471592,127
29:48.1,-2.161964,-8.659827,-3.727772,120
29:48.2,-3.574543,-8.379706,-2.592921,100
29:48.3,2.066196,-13.524845,-0.198719,123
29:48.4,-2.521094,-9.935937,-2.861071,127
29:48.4,-1.577779,-9.241618,-0.023942,129
29:48.5,-1.18513,-6.665458,-3.787627,100
29:48.6,-7.388506,-9.416395,-4.180276,126
29:48.7,-3.742137,-12.825739,2.255338,146
29:48.8,1.218649,-3.05979,-3.047819,135
29:48.8,2.791639,-9.452309,-6.212954,127
29:48.9,-0.869095,-9.983821,-4.857835,92
29:49.0,0.1652,-8.868123,-3.883395,93
29:49.1,0.80924,-9.370906,-3.536236,108
29:49.2,-1.189918,-8.700529,-3.019088,120
29:49.2,-3.303998,-9.560047,-2.987964,108
29:49.3,-2.545036,-7.551312,0.445322,92
29:49.4,-4.103662,-12.722788,-1.316811,104
29:49.5,-3.081338,-8.276755,-0.751779,104
29:49.6,-2.782062,-7.340622,-2.164358,119
29:49.6,-7.852982,-8.90643,-3.131616,127
29:49.7,-4.405331,-14.43943,0.591368,93
29:49.8,2.604892,-10.477027,-1.733402,128
29:49.9,1.683124,-8.169016,-3.782839,170
29:50.0,-0.263362,-10.903194,-2.166753,92
29:50.0,0.418985,-8.76996,-3.05979,166
29:50.1,-0.641646,-10.445902,-3.79481,106
29:50.2,-4.187459,-9.3733,-2.391808,120
29:50.3,-3.165135,-9.818622,-4.168305,97
29:50.4,-1.113304,-9.607931,0.519542,94
29:50.4,-3.768473,-12.061988,-0.969652,99
29:50.5,-3.009511,-8.317456,-0.531513,107
29:50.6,0.88346,-8.446744,-3.627216,180
29:50.7,-4.553771,-6.548141,-1.649605,102
29:50.8,-8.178593,-9.131485,-3.488352,114
29:50.8,-1.611298,-17.199945,-3.926491,121
29:50.9,2.497152,-7.000646,-0.909797,170
29:51.0,0.237026,-5.015852,-6.22253,172
29:51.1,-1.484405,-10.66138,-3.950433,124
29:51.2,0.062249,-8.540117,-4.817134,106
29:51.2,0.852336,-9.799467,-2.952051,96
29:51.3,-0.407014,-8.468291,-3.469198,109
29:51.4,-1.94888,-10.510546,-2.995146,92
29:51.5,-1.388637,-7.117962,-3.957615,99
29:51.6,-2.035071,-6.607996,1.642422,94
29:51.6,-4.357447,-15.816096,0.533907,107
29:51.7,-3.809175,-8.432379,-0.500388,90
29:51.8,-1.297657,-9.715671,-1.853112,111
29:51.9,-1.563414,-6.756437,-0.658405,122
29:52.0,-2.999935,-8.166622,-2.834735,130
29:52.0,-10.21127,-9.962274,-3.916914,107
29:52.1,0.055067,-15.80652,-4.778827,126
29:52.2,-1.300052,-9.507375,5.171476,90
29:52.3,-2.276886,-5.722142,-8.231265,158
29:52.4,-1.142034,-10.280702,-2.746149,104
29:52.4,1.448492,-8.41083,-3.184288,148
29:52.5,0.670376,-10.709264,-2.782062,127
29:52.6,-0.608127,-8.808268,-3.830723,97
29:52.7,-3.497929,-8.432379,-4.972757,118
29:52.8,-1.963245,-6.521805,-0.387861,98
29:52.8,-2.77488,-13.96059,-3.13401,103
29:52.9,-3.77805,-8.319851,-0.241814,119
29:53.0,1.527501,-9.773131,-1.764527,164
29:53.1,-4.388572,-8.50181,-1.343147,110
29:53.2,-5.626374,-6.976704,-4.06296,127
29:53.2,-0.184354,-14.55914,-0.445322,157
29:53.3,2.322376,-11.781867,-2.540248,143
29:53.4,-0.445322,-9.016563,-1.853112,107
29:53.5,-0.21069,-8.461109,-1.951274,126
29:53.6,1.972822,-8.520964,-3.497929,175
29:53.6,-0.373495,-8.5473,-3.119645,92
29:53.7,-1.077391,-8.080431,-4.247314,106
29:53.8,-1.103727,-7.180211,0.158017,91
29:53.9,-2.925714,-16.19438,-1.922544,118
29:54.0,-3.744531,-6.749255,-1.714248,127
29:54.0,1.656788,-8.674192,-2.454057,135
29:54.1,-2.025495,-9.126697,0.047884,101
29:54.2,-9.325416,-8.159439,-6.421249,128
29:54.3,0.969652,-20.815189,-3.933673,127
29:54.4,-1.484405,-13.53921,-0.169988,120
29:54.4,-2.336741,-5.8634,-0.328006,121
29:54.5,1.197101,-8.497022,-0.998382,174
29:54.6,1.980005,-7.90326,-4.120421,173
29:54.7,-0.696713,-9.155427,-3.426103,130
29:54.8,-2.961627,-7.891289,-5.224148,126
29:54.8,-1.405396,-9.366117,0.349553,103
29:54.9,-2.003947,-14.573505,-0.502782,107
29:55.0,-0.486023,-8.075643,-0.476446,103
29:55.1,0.56982,-7.072472,-1.326388,104
29:55.2,-4.417302,-8.813056,-3.160346,107
29:55.2,-6.878541,-8.250419,-3.019088,103
29:55.3,4.953603,-9.153033,-3.289633,160
29:55.4,2.537854,-14.300567,-5.006276,124
29:55.5,-0.548272,-8.750807,-2.56419,125
29:55.6,0.749385,-7.232883,-4.149151,161
29:55.6,-0.995988,-8.406042,-3.181894,107
29:55.7,-1.563414,-7.979874,-3.995923,126
29:55.8,-3.397372,-9.722853,-4.623203,94
29:55.9,-0.931344,-9.351752,0.696713,109
29:56.0,-4.493917,-11.717223,0.277727,105
29:56.0,-4.525041,-7.443573,-0.995988,115
29:56.1,-0.416591,-8.183381,-2.056619,101
29:56.2,-6.722919,-8.224083,-2.949656,101
29:56.3,-4.8722,-6.248867,-3.955221,128
29:56.4,2.971204,-6.981492,-2.070984,149
29:56.4,2.32477,-13.888764,-5.214571,113
29:56.5,-1.762132,-7.735666,-2.89459,118
29:56.6,1.280898,-8.528147,-2.475605,156
29:56.7,0.318429,-9.018958,-3.667917,94
29:56.8,-2.674323,-6.220136,-3.682282,104
29:56.8,-2.432509,-9.830592,-2.612074,119
29:56.9,2.310405,-15.710752,-0.124498,130
29:57.0,-6.186617,-6.6894,0.933739,99
29:57.1,-1.56102,-6.868965,-2.066196,105
29:57.2,-3.952827,-6.950367,-3.165135,113
29:57.2,-7.747637,-8.930372,-3.294421,103
29:57.3,-7.340622,-17.489643,0.754174,140
29:57.4,3.881001,-5.480328,-1.082179,148
29:57.5,2.806004,-8.645462,-6.337452,137
29:57.6,1.594538,-11.389217,-4.007894,128
29:57.6,0.646434,-8.42759,-4.448427,97
29:57.7,-0.54109,-10.979809,-2.889802,117
29:57.8,-4.271256,-8.990228,-3.277662,93
29:57.9,-2.822764,-9.655815,-4.201824,98
29:58.0,-1.963245,-7.668628,0.909797,146
29:58.0,-2.439692,-12.995727,-1.209072,94
29:58.1,-4.060566,-8.152257,-0.356736,99
29:58.2,2.760514,-8.736442,-3.268085,169
29:58.3,-5.102044,-7.716512,0.407014,90
29:58.4,-5.178658,-6.768408,-1.386243,121
29:58.4,2.772485,-7.345411,-1.922544,168
29:58.5,2.509123,-11.312603,-2.647987,173
29:58.6,-0.069432,-8.437167,-0.665588,117
29:58.7,0.560243,-7.249643,-2.121263,144
29:58.8,1.216254,-9.114726,-2.928109,150
29:58.8,-2.734178,-6.64391,-3.545813,110
29:58.9,-1.996764,-8.899248,-4.74052,102
29:59.0,-1.501164,-8.556877,0.440533,106
29:59.1,-3.153164,-14.774619,0.828394,178
29:59.2,-1.477222,-7.673417,-2.269703,107
29:59.2,3.227384,-9.411607,-1.283292,164
29:59.3,-3.49314,-7.896077,-1.953669,116
29:59.4,-7.730877,-8.415619,-1.134852,105
29:59.5,1.429338,-4.357447,-1.884237,160
29:59.6,1.015141,-10.050858,-1.580173,114
29:59.6,-1.460463,-7.577648,-1.886631,111
29:59.7,-1.024718,-7.979874,-1.99437,122
29:59.8,0.390255,-9.32781,-2.5187,125
29:59.9,0.363919,-10.546458,-2.906561,121
30:00.0,-2.755726,-10.206482,-3.397372,98
30:00.0,-3.603274,-5.887342,-3.701436,95
30:00.1,-1.989582,-12.682086,-2.3535,117
30:00.2,-2.990358,-11.425131,0.579397,125
30:00.3,-1.711854,-9.217676,-4.936844,115
30:00.4,-1.61848,-9.68694,-1.795651,101
30:00.4,-5.533,-7.390901,0.967257,91
30:00.5,-5.628768,-8.927979,-2.497152,109
30:00.6,2.044648,-8.12592,1.23062,133
30:00.7,-3.526659,-15.2367,-0.371101,114
30:00.8,-1.565808,-7.034164,-2.70066,130
30:00.8,3.835511,-11.887212,-4.728549,161
30:00.9,0.11971,-8.250419,-0.351948,94
30:01.0,0.215478,-8.178593,-3.586514,100
30:01.1,-1.00317,-7.740454,-2.681506,125
30:01.2,-2.195483,-9.624691,-2.72939,117
30:01.2,-4.383783,-9.13388,-2.58095,109
30:01.3,-13.333309,-11.518504,-6.811504,165
30:01.4,-4.783615,-2.856283,-2.437297,173
30:01.5,-9.349358,-4.197036,-8.437167,153
30:01.6,-8.858546,-5.738902,-7.61835,110
30:01.6,-9.873688,-2.360683,-8.269572,128
30:01.7,-7.536947,-1.051055,-6.385336,135
30:01.8,-6.816292,-1.398214,-5.32231,139
30:01.9,-7.005434,-2.152387,-4.96318,166
30:02.0,-7.230489,-1.860295,-6.205771,171
30:02.0,-7.888895,-1.505953,-6.514623,165
30:02.1,-8.506598,-1.917756,-6.47871,155
30:02.2,-7.946355,-1.865083,-5.710171,157
30:02.3,-7.331046,-1.723825,-5.643134,133
30:02.4,-7.386112,-1.924938,-5.688623,136
30:02.4,-7.548918,-2.126051,-5.731719,162
30:02.5,-7.694964,-2.27928,-6.272809,136
30:02.6,-7.601591,-2.219425,-6.289568,170
30:02.7,-7.486669,-2.126051,-6.179435,167
30:02.8,-7.390901,-2.181118,-6.050148,168
30:02.8,-7.388506,-2.176329,-6.069301,152
30:02.9,-7.501034,-2.157176,-6.232107,165
30:03.0,-7.438785,-2.135628,-6.325481,140
30:03.1,-7.364564,-2.13084,-6.272809,143
30:03.2,-7.393295,-2.126051,-6.306327,161
30:03.2,-7.376535,-2.126051,-6.234501,175
30:03.3,-7.400477,-2.149993,-6.241684,180
30:03.4,-7.386112,-2.11408,-6.270414,126
30:03.5,-7.364564,-2.121263,-6.272809,154
30:03.6,-7.398083,-2.11408,-6.361394,155
30:03.6,-7.376535,-2.111686,-6.275203,175
30:03.7,-7.398083,-2.102109,-6.212954,162
30:03.8,-7.414843,-2.082955,-6.248867,168
30:03.9,-7.40766,-2.08535,-6.265626,167
30:04.0,-7.405266,-2.11408,-6.251261,160
30:04.0,-7.369353,-2.08535,-6.26802,169
30:04.1,-7.359776,-2.116474,-6.265626,138
30:04.2,-7.390901,-2.087744,-6.260838,155
30:04.3,-7.390901,-2.11408,-6.26802,139
30:04.4,-7.354988,-2.104503,-6.236896,137
30:04.4,-7.390901,-2.094927,-6.296751,164
30:04.5,-7.383718,-2.11408,-6.22253,145
30:04.6,-7.402872,-2.121263,-6.236896,139
30:04.7,-7.393295,-2.092532,-6.244078,132
30:04.8,-7.400477,-2.094927,-6.253655,177
30:04.8,-7.419631,-2.104503,-6.241684,132
30:04.9,-7.366959,-2.094927,-6.23929,161
30:05.0,-7.386112,-2.106898,-6.241684,171
30:05.1,-7.400477,-2.109292,-6.265626,168
30:05.2,-7.417237,-2.097321,-6.258443,146
30:05.2,-7.381324,-2.099715,-6.260838,149
30:05.3,-7.405266,-2.08535,-6.282385,177
30:05.4,-7.390901,-2.080561,-6.265626,153
30:05.5,-7.386112,-2.102109,-6.287174,158
30:05.6,-7.393295,-2.078167,-6.270414,155
30:05.6,-7.412448,-2.070984,-6.246472,127
30:05.7,-7.429208,-2.08535,-6.265626,135
30:05.8,-7.405266,-2.059013,-6.299145,168
30:05.9,-7.381324,-2.06859,-6.28478,150
30:06.0,-7.383718,-2.128445,-6.172252,154
30:06.0,-7.386112,-2.087744,-6.246472,160
30:06.1,-7.422025,-2.059013,-6.279991,142
30:06.2,-7.433996,-2.082955,-6.265626,133
30:06.3,-7.388506,-2.075773,-6.196194,159
30:06.4,-7.438785,-2.008735,-6.294356,172
30:06.4,-7.388506,-2.054225,-6.275203,155
30:06.5,-7.412448,-2.049437,-6.279991,146
30:06.6,-7.40766,-2.056619,-6.227319,167
30:06.7,-7.45315,-2.044648,-6.31351,167
30:06.8,-7.383718,-2.051831,-6.246472,174
30:06.8,-7.398083,-2.06859,-6.265626,145
30:06.9,-7.402872,-2.054225,-6.260838,146
30:07.0,-7.37893,-2.059013,-6.251261,144
30:07.1,-7.429208,-2.073379,-6.287174,136
30:07.2,-7.393295,-2.059013,-6.236896,138
30:07.2,-7.410054,-2.08535,-6.26802,172
30:07.3,-7.40766,-2.061408,-6.244078,130
30:07.4,-7.400477,-2.061408,-6.272809,167
30:07.5,-7.402872,-2.059013,-6.26802,164
30:07.6,-7.422025,-2.03986,-6.291962,144
30:07.6,-7.405266,-2.078167,-6.246472,175
30:07.7,-7.412448,-2.063802,-6.253655,158
30:07.8,-7.400477,-2.042254,-6.265626,145
30:07.9,-7.40766,-2.059013,-6.260838,157
30:08.0,-7.393295,-2.054225,-6.260838,165
30:08.0,-7.40766,-2.044648,-6.263232,139
30:08.1,-7.398083,-2.047042,-6.232107,172
30:08.2,-7.376535,-2.078167,-6.244078,142
30:08.3,-7.410054,-2.054225,-6.23929,166
30:08.4,-7.417237,-2.051831,-6.241684,160
30:08.4,-7.417237,-2.049437,-6.28478,146
30:08.5,-7.37893,-2.059013,-6.253655,139
30:08.6,-7.395689,-2.073379,-6.241684,134
30:08.7,-7.398083,-2.082955,-6.251261,131
30:08.8,-7.386112,-2.075773,-6.263232,134
30:08.8,-7.371747,-2.080561,-6.244078,165
30:08.9,-7.417237,-2.090138,-6.291962,172
30:09.0,-7.371747,-2.075773,-6.275203,158
30:09.1,-7.393295,-2.080561,-6.260838,164
30:09.2,-7.393295,-2.06859,-6.291962,138
30:09.2,-7.374141,-2.054225,-6.279991,168
30:09.3,-7.386112,-2.061408,-6.248867,149
30:09.4,-7.433996,-2.080561,-6.28478,143
30:09.5,-7.383718,-2.054225,-6.265626,154
30:09.6,-7.412448,-2.092532,-6.270414,163
30:09.6,-7.40766,-2.066196,-6.229713,175
30:09.7,-7.433996,-2.066196,-6.248867,143
30:09.8,-7.419631,-2.059013,-6.217742,147
30:09.9,-7.429208,-2.078167,-6.263232,154
30:10.0,-7.393295,-2.063802,-6.241684,171
30:10.0,-7.410054,-2.075773,-6.263232,146
30:10.1,-7.412448,-2.08535,-6.270414,178
30:10.2,-7.429208,-2.080561,-6.256049,143
30:10.3,-7.424419,-2.075773,-6.210559,180
30:10.4,-7.410054,-2.056619,-6.212954,166
30:10.4,-7.431602,-2.092532,-6.236896,180
30:10.5,-7.419631,-2.080561,-6.220136,154
30:10.6,-7.462727,-2.06859,-6.232107,177
30:10.7,-7.441179,-2.090138,-6.22253,137
30:10.8,-7.431602,-2.063802,-6.196194,131
30:10.8,-7.443573,-2.078167,-6.189012,160
30:10.9,-7.457938,-2.03986,-6.236896,129
30:11.0,-7.501034,-2.121263,-6.332664,136
30:11.1,-7.462727,-2.106898,-6.033388,128
30:11.2,-7.599196,-2.094927,-6.112397,170
30:11.2,-7.450756,-2.102109,-6.086061,141
30:11.3,-7.730877,-2.08535,-6.10282,138
30:11.4,-7.793127,-2.126051,-5.710171,171
30:11.5,-7.994239,-2.315193,-5.865794,159
30:11.6,-7.943961,-2.363077,-5.185841,130
30:11.6,-8.147469,-2.312799,-5.209783,102
30:11.7,-8.303091,-2.288857,-5.020641,127
30:11.8,-8.429984,-2.248155,-4.580108,107
30:11.9,-8.635885,-2.06859,-4.331111,113
30:12.0,-8.939949,-2.540248,-4.309563,106
30:12.0,-8.645462,-2.37026,-4.098873,111
30:12.1,-8.875306,-2.226608,-4.046201,114
30:12.2,-9.102755,-2.25055,-3.543418,113
30:12.3,-8.825027,-2.530671,-3.313575,93
30:12.4,-8.90643,-2.492364,-3.081338,130
30:12.4,-8.942344,-2.422932,-3.272874,116
30:12.5,-9.035717,-2.343924,-3.354277,106
30:12.6,-9.064447,-2.406173,-3.53863,96
30:12.7,-9.002198,-2.329558,-3.521871,91
30:12.8,-8.951921,-2.425326,-3.416526,101
30:12.8,-9.030929,-2.449268,-3.457227,112
30:12.9,-8.990228,-2.217031,-3.653552,110
30:13.0,-9.038112,-2.274492,-3.70383,120
30:13.1,-8.959103,-2.243367,-3.699042,113
30:13.2,-8.947132,-2.221819,-3.689465,101
30:13.2,-8.896853,-2.231396,-3.782839,112
30:13.3,-8.942344,-2.197877,-3.909731,92
30:13.4,-8.89446,-2.200271,-3.971981,92
30:13.5,-8.863335,-2.157176,-4.067749,108
30:13.6,-8.836999,-2.161964,-4.194642,119
30:13.6,-8.767567,-2.051831,-4.261679,118
30:13.7,-8.781932,-2.094927,-4.256891,122
30:13.8,-8.760384,-2.018312,-4.333505,122
30:13.9,-8.734048,-2.066196,-4.323928,101
30:14.0,-8.748413,-2.001553,-4.31914,122
30:14.0,-8.75799,-2.003947,-4.398149,118
30:14.1,-8.722076,-2.020706,-4.386178,112
30:14.2,-8.690952,-2.035071,-4.340688,124
30:14.3,-8.7125,-1.996764,-4.434062,107
30:14.4,-8.688558,-1.984793,-4.367024,117
30:14.4,-8.743625,-1.982399,-4.314352,93
30:14.5,-8.60955,-2.030283,-4.264073,101
30:14.6,-8.554482,-2.032677,-4.548983,118
30:14.7,-8.492233,-2.049437,-5.233725,115
30:14.8,-8.920795,-1.580173,-4.762067,128
30:14.8,-8.504205,-1.987187,-5.001487,128
30:14.9,-8.607155,-1.496376,-4.407725,120
30:15.0,-8.35337,-1.659182,-4.900931,147
30:15.1,-8.434772,-1.608904,-5.015852,147
30:15.2,-9.301474,1.429338,-3.758897,104
30:15.2,-8.315063,-1.927332,-5.109226,131
30:15.3,-8.319851,-1.290475,-5.140351,161
30:15.4,-8.511387,-1.326388,-4.606444,91
30:15.5,-9.464279,-1.051055,-4.663905,109
30:15.6,-8.748413,-1.371878,-4.627992,94
30:15.6,-8.47308,-1.106121,-4.817134,133
30:15.7,-8.892065,-1.601721,-4.369418,119
30:15.8,-9.19134,-2.231396,-4.151546,112
30:15.9,-8.750807,-1.374272,-4.216189,111
30:16.0,-9.016563,-1.434127,-3.900155,120
30:16.0,-9.3733,-2.533065,-4.268862,96
30:16.1,-9.471462,-4.944026,-3.438074,96
30:16.2,-7.905654,-7.659051,-3.210624,130
30:16.3,-8.827422,-4.625597,-3.038242,119
30:16.4,-7.417237,-9.533711,-2.109292,104
30:16.4,-7.503428,-8.401254,-4.359841,123
30:16.5,-8.846576,-8.044518,-1.510741,91
30:16.6,-7.228095,-6.545747,-1.309628,96
30:16.7,-5.068525,-7.283162,-1.127669,121
30:16.8,-0.42138,-9.595961,3.938462,128
30:16.8,-4.738125,-9.935937,4.730943,100
30:16.9,-0.553061,-2.846706,6.861782,152
30:17.0,-0.675165,-1.031901,8.930372,67
30:17.1,-0.232238,0.02873,10.486604,72
30:17.2,0.608127,1.256956,8.75799,77
30:17.2,0.761356,1.072602,9.576807,92
30:17.3,1.283292,1.012747,9.14585,71
30:17.4,0.921768,2.171541,9.337387,92
30:17.5,0.957681,2.116474,9.856929,91
30:17.6,0.905008,2.650381,9.07163,86
30:17.6,1.156399,2.652776,8.932767,82
30:17.7,1.13964,2.557007,9.16261,82
30:17.8,1.098939,2.516306,9.509769,82
30:17.9,1.206678,2.53546,9.411607,67
